"Booking Month","Booking Status"
"May 2025","Confirmed"
"May 2025","Cancelled"
"May 2025","Confirmed"
"May 2025","Confirmed"
"May 2025","Confirmed"
"May 2025","Confirmed"
"May 2025","Confirmed"
"May 2025","Confirmed"
"May 2025","Confirmed"
"May 2025","Confirmed"
"May 2025","Confirmed"
"May 2025","Confirmed"
"May 2025","Confirmed"
"May 2025","Confirmed"
"May 2025","Confirmed"
"May 2025","Confirmed"
"May 2025","Confirmed"
"May 2025","Confirmed"
"May 2025","Rejected"
"May 2025","Confirmed"
"May 2025","Confirmed"
"May 2025","Confirmed"
"May 2025","Confirmed"
"May 2025","Rejected"
"May 2025","Confirmed"
"May 2025","Confirmed"
"May 2025","Confirmed"
"May 2025","Confirmed"
"May 2025","Confirmed"
"May 2025","Confirmed"
"May 2025","Rejected"
"May 2025","Confirmed"
"May 2025","Confirmed"
"May 2025","Confirmed"
"May 2025","Confirmed"
"May 2025","Confirmed"
"May 2025","Confirmed"
"May 2025","Confirmed"
"May 2025","Confirmed"
"May 2025","Confirmed"
"May 2025","Confirmed"
"May 2025","Confirmed"
"May 2025","Confirmed"
"May 2025","Confirmed"
"May 2025","Confirmed"
"May 2025","Confirmed"
"May 2025","Confirmed"
"May 2025","Confirmed"
"May 2025","Confirmed"
"May 2025","Confirmed"
"May 2025","Confirmed"
"May 2025","Confirmed"
"May 2025","Confirmed"
"May 2025","Confirmed"
"May 2025","Confirmed"
"May 2025","Confirmed"
"May 2025","Confirmed"
"May 2025","Confirmed"
"May 2025","Confirmed"
"May 2025","Cancelled"
"May 2025","Confirmed"
"May 2025","Confirmed"
"May 2025","Confirmed"
"May 2025","Confirmed"
"May 2025","Confirmed"
"May 2025","Confirmed"
"May 2025","Confirmed"
"May 2025","Confirmed"
"May 2025","Confirmed"
"May 2025","Confirmed"
"May 2025","Cancelled"
"May 2025","Confirmed"
"May 2025","Confirmed"
"May 2025","Confirmed"
"May 2025","Confirmed"
"May 2025","Confirmed"
"May 2025","Confirmed"
"May 2025","Confirmed"
"May 2025","Confirmed"
"May 2025","Rejected"
"May 2025","Confirmed"
"May 2025","Confirmed"
"May 2025","Confirmed"
"May 2025","Confirmed"
"May 2025","Cancelled"
"May 2025","Confirmed"
"May 2025","Confirmed"
"May 2025","Rejected"
"May 2025","Confirmed"
"May 2025","Confirmed"
"May 2025","Confirmed"
"May 2025","Confirmed"
"May 2025","Confirmed"
"May 2025","Confirmed"
"May 2025","Confirmed"
"May 2025","Confirmed"
"May 2025","Confirmed"
"May 2025","Confirmed"
"May 2025","Confirmed"
"May 2025","Confirmed"
"May 2025","Confirmed"
"May 2025","Confirmed"
"May 2025","Confirmed"
"May 2025","Confirmed"
"May 2025","Confirmed"
"May 2025","Cancelled"
"May 2025","Cancelled"
"May 2025","Cancelled"
"May 2025","Cancelled"
"May 2025","Cancelled"
"May 2025","Cancelled"
"May 2025","Cancelled"
"May 2025","Cancelled"
"May 2025","Cancelled"
"May 2025","Confirmed"
"May 2025","Confirmed"
"May 2025","Confirmed"
"May 2025","Confirmed"
"May 2025","Rejected"
"May 2025","Confirmed"
"May 2025","Confirmed"
"May 2025","Cancelled"
"May 2025","Confirmed"
"May 2025","Confirmed"
"May 2025","Confirmed"
"May 2025","Confirmed"
"May 2025","Confirmed"
"May 2025","Confirmed"
"May 2025","Cancelled"
"May 2025","Confirmed"
"May 2025","Confirmed"
"May 2025","Confirmed"
"May 2025","Confirmed"
"May 2025","Confirmed"
"May 2025","Confirmed"
"May 2025","Confirmed"
"May 2025","Confirmed"
"May 2025","Cancelled"
"May 2025","Confirmed"
"May 2025","Confirmed"
"May 2025","Cancelled"
"May 2025","Confirmed"
"May 2025","Confirmed"
"May 2025","Confirmed"
"May 2025","Confirmed"
"May 2025","Confirmed"
"May 2025","Confirmed"
"May 2025","Confirmed"
"May 2025","Confirmed"
"May 2025","Confirmed"
"May 2025","Confirmed"
"May 2025","Confirmed"
"May 2025","Confirmed"
"May 2025","Confirmed"
"May 2025","Rejected"
"May 2025","Confirmed"
"May 2025","Confirmed"
"May 2025","Confirmed"
"May 2025","Confirmed"
"May 2025","Rejected"
"May 2025","Confirmed"
"May 2025","Confirmed"
"May 2025","Confirmed"
"May 2025","Confirmed"
"May 2025","Confirmed"
"May 2025","Confirmed"
"May 2025","Confirmed"
"May 2025","Cancelled"
"May 2025","Confirmed"
"May 2025","Cancelled"
"May 2025","Confirmed"
"May 2025","Confirmed"
"May 2025","Cancelled"
"May 2025","Cancelled"
"May 2025","Confirmed"
"May 2025","Rejected"
"May 2025","Confirmed"
"May 2025","Confirmed"
"May 2025","Confirmed"
"May 2025","Confirmed"
"May 2025","Confirmed"
"May 2025","Confirmed"
"May 2025","Confirmed"
"May 2025","Confirmed"
"May 2025","Confirmed"
"May 2025","Confirmed"
"May 2025","Confirmed"
"May 2025","Confirmed"
"May 2025","Cancelled"
"May 2025","Confirmed"
"May 2025","Confirmed"
"May 2025","Confirmed"
"May 2025","Confirmed"
"May 2025","Confirmed"
"May 2025","Confirmed"
"May 2025","Confirmed"
"May 2025","Cancelled"
"May 2025","Confirmed"
"May 2025","Cancelled"
"May 2025","Confirmed"
"May 2025","Confirmed"
"May 2025","Confirmed"
"May 2025","Confirmed"
"May 2025","Rejected"
"May 2025","Confirmed"
"May 2025","Confirmed"
"May 2025","Confirmed"
"May 2025","Confirmed"
"May 2025","Confirmed"
"May 2025","Confirmed"
"May 2025","Cancelled"
"May 2025","Confirmed"
"May 2025","Confirmed"
"May 2025","Confirmed"
"May 2025","Confirmed"
"May 2025","Confirmed"
"May 2025","Cancelled"
"May 2025","Confirmed"
"May 2025","Confirmed"
"May 2025","Confirmed"
"May 2025","Confirmed"
"May 2025","Confirmed"
"May 2025","Confirmed"
"May 2025","Rejected"
"May 2025","Confirmed"
"May 2025","Confirmed"
"May 2025","Confirmed"
"May 2025","Cancelled"
"May 2025","Confirmed"
"May 2025","Confirmed"
"May 2025","Confirmed"
"May 2025","Confirmed"
"May 2025","Confirmed"
"May 2025","Confirmed"
"May 2025","Confirmed"
"May 2025","Confirmed"
"May 2025","Confirmed"
"May 2025","Confirmed"
"May 2025","Confirmed"
"May 2025","Confirmed"
"May 2025","Confirmed"
"May 2025","Confirmed"
"May 2025","Confirmed"
"May 2025","Confirmed"
"May 2025","Confirmed"
"May 2025","Cancelled"
"May 2025","Confirmed"
"May 2025","Confirmed"
"May 2025","Confirmed"
"May 2025","Cancelled"
"May 2025","Confirmed"
"May 2025","Confirmed"
"May 2025","Confirmed"
"May 2025","Confirmed"
"May 2025","Confirmed"
"May 2025","Confirmed"
"May 2025","Rejected"
"May 2025","Confirmed"
"May 2025","Confirmed"
"May 2025","Confirmed"
"May 2025","Confirmed"
"May 2025","Confirmed"
"May 2025","Confirmed"
"May 2025","Confirmed"
"May 2025","Confirmed"
"May 2025","Confirmed"
"May 2025","Confirmed"
"May 2025","Confirmed"
"May 2025","Confirmed"
"May 2025","Confirmed"
"May 2025","Confirmed"
"May 2025","Confirmed"
"May 2025","Confirmed"
"May 2025","Confirmed"
"May 2025","Confirmed"
"May 2025","Confirmed"
"May 2025","Confirmed"
"May 2025","Confirmed"
"May 2025","Confirmed"
"May 2025","Confirmed"
"May 2025","Confirmed"
"May 2025","Confirmed"
"May 2025","Confirmed"
"May 2025","Confirmed"
"May 2025","Confirmed"
"May 2025","Confirmed"
"May 2025","Confirmed"
"May 2025","Confirmed"
"May 2025","Confirmed"
"May 2025","Confirmed"
"May 2025","Confirmed"
"May 2025","Confirmed"
"Apr 2025","Confirmed"
"Apr 2025","Confirmed"
"Apr 2025","Confirmed"
"Apr 2025","Confirmed"
"Apr 2025","Confirmed"
"Apr 2025","Confirmed"
"Apr 2025","Confirmed"
"Apr 2025","Confirmed"
"Apr 2025","Confirmed"
"Apr 2025","Confirmed"
"Apr 2025","Cancelled"
"Apr 2025","Confirmed"
"Apr 2025","Confirmed"
"Apr 2025","Cancelled"
"Apr 2025","Confirmed"
"Apr 2025","Confirmed"
"Apr 2025","Rejected"
"Apr 2025","Confirmed"
"Apr 2025","Confirmed"
"Apr 2025","Confirmed"
"Apr 2025","Confirmed"
"Apr 2025","Confirmed"
"Apr 2025","Confirmed"
"Apr 2025","Confirmed"
"Apr 2025","Confirmed"
"Apr 2025","Confirmed"
"Apr 2025","Confirmed"
"Apr 2025","Confirmed"
"Apr 2025","Confirmed"
"Apr 2025","Rejected"
"Apr 2025","Confirmed"
"Apr 2025","Confirmed"
"Apr 2025","Confirmed"
"Apr 2025","Confirmed"
"Apr 2025","Confirmed"
"Apr 2025","Confirmed"
"Apr 2025","Cancelled"
"Apr 2025","Confirmed"
"Apr 2025","Rejected"
"Apr 2025","Confirmed"
"Apr 2025","Confirmed"
"Apr 2025","Rejected"
"Apr 2025","Cancelled"
"Apr 2025","Confirmed"
"Apr 2025","Confirmed"
"Apr 2025","Confirmed"
"Apr 2025","Confirmed"
"Apr 2025","Cancelled"
"Apr 2025","Cancelled"
"Apr 2025","Confirmed"
"Apr 2025","Confirmed"
"Apr 2025","Cancelled"
"Apr 2025","Confirmed"
"Apr 2025","Confirmed"
"Apr 2025","Confirmed"
"Apr 2025","Confirmed"
"Apr 2025","Confirmed"
"Apr 2025","Confirmed"
"Apr 2025","Confirmed"
"Apr 2025","Confirmed"
"Apr 2025","Confirmed"
"Apr 2025","Confirmed"
"Apr 2025","Confirmed"
"Apr 2025","Confirmed"
"Apr 2025","Confirmed"
"Apr 2025","Confirmed"
"Apr 2025","Rejected"
"Apr 2025","Confirmed"
"Apr 2025","Confirmed"
"Apr 2025","Confirmed"
"Apr 2025","Confirmed"
"Apr 2025","Confirmed"
"Apr 2025","Confirmed"
"Apr 2025","Confirmed"
"Apr 2025","Confirmed"
"Apr 2025","Confirmed"
"Apr 2025","Confirmed"
"Apr 2025","Confirmed"
"Apr 2025","Cancelled"
"Apr 2025","Rejected"
"Apr 2025","Rejected"
"Apr 2025","Confirmed"
"Apr 2025","Confirmed"
"Apr 2025","Confirmed"
"Apr 2025","Confirmed"
"Apr 2025","Confirmed"
"Apr 2025","Cancelled"
"Apr 2025","Cancelled"
"Apr 2025","Confirmed"
"Apr 2025","Confirmed"
"Apr 2025","Rejected"
"Apr 2025","Confirmed"
"Apr 2025","Confirmed"
"Apr 2025","Rejected"
"Apr 2025","Confirmed"
"Apr 2025","Confirmed"
"Apr 2025","Confirmed"
"Apr 2025","Confirmed"
"Apr 2025","Confirmed"
"Apr 2025","Confirmed"
"Apr 2025","Confirmed"
"Apr 2025","Rejected"
"Apr 2025","Confirmed"
"Apr 2025","Confirmed"
"Apr 2025","Confirmed"
"Apr 2025","Cancelled"
"Apr 2025","Confirmed"
"Apr 2025","Cancelled"
"Apr 2025","Confirmed"
"Apr 2025","Confirmed"
"Apr 2025","Confirmed"
"Apr 2025","Confirmed"
"Apr 2025","Confirmed"
"Apr 2025","Cancelled"
"Apr 2025","Confirmed"
"Apr 2025","Confirmed"
"Apr 2025","Confirmed"
"Apr 2025","Cancelled"
"Apr 2025","Confirmed"
"Apr 2025","Confirmed"
"Apr 2025","Confirmed"
"Apr 2025","Confirmed"
"Apr 2025","Cancelled"
"Apr 2025","Confirmed"
"Apr 2025","Cancelled"
"Apr 2025","Rejected"
"Apr 2025","Confirmed"
"Apr 2025","Cancelled"
"Apr 2025","Confirmed"
"Apr 2025","Cancelled"
"Apr 2025","Confirmed"
"Apr 2025","Cancelled"
"Apr 2025","Confirmed"
"Apr 2025","Confirmed"
"Apr 2025","Confirmed"
"Apr 2025","Confirmed"
"Apr 2025","Cancelled"
"Apr 2025","Confirmed"
"Apr 2025","Confirmed"
"Apr 2025","Confirmed"
"Apr 2025","Cancelled"
"Apr 2025","Confirmed"
"Apr 2025","Confirmed"
"Apr 2025","Cancelled"
"Apr 2025","Confirmed"
"Apr 2025","Confirmed"
"Apr 2025","Confirmed"
"Apr 2025","Confirmed"
"Apr 2025","Confirmed"
"Mar 2025","Confirmed"
"Mar 2025","Confirmed"
"Mar 2025","Rejected"
"Mar 2025","Confirmed"
"Mar 2025","Confirmed"
"Mar 2025","Confirmed"
"Mar 2025","Confirmed"
"Mar 2025","Confirmed"
"Mar 2025","Confirmed"
"Mar 2025","Confirmed"
"Mar 2025","Confirmed"
"Mar 2025","Confirmed"
"Mar 2025","Cancelled"
"Mar 2025","Confirmed"
"Mar 2025","Confirmed"
"Mar 2025","Confirmed"
"Mar 2025","Cancelled"
"Mar 2025","Rejected"
"Mar 2025","Confirmed"
"Mar 2025","Confirmed"
"Mar 2025","Confirmed"
"Mar 2025","Confirmed"
"Mar 2025","Cancelled"
"Mar 2025","Confirmed"
"Mar 2025","Rejected"
"Mar 2025","Cancelled"
"Mar 2025","Cancelled"
"Mar 2025","Rejected"
"Mar 2025","Confirmed"
"Mar 2025","Confirmed"
"Mar 2025","Confirmed"
"Mar 2025","Confirmed"
"Mar 2025","Rejected"
"Mar 2025","Confirmed"
"Mar 2025","Confirmed"
"Mar 2025","Confirmed"
"Mar 2025","Confirmed"
"Mar 2025","Confirmed"
"Mar 2025","Confirmed"
"Mar 2025","Cancelled"
"Mar 2025","Confirmed"
"Mar 2025","Confirmed"
"Mar 2025","Cancelled"
"Mar 2025","Confirmed"
"Mar 2025","Rejected"
"Mar 2025","Confirmed"
"Mar 2025","Confirmed"
"Mar 2025","Confirmed"
"Mar 2025","Confirmed"
"Mar 2025","Confirmed"
"Mar 2025","Rejected"
"Mar 2025","Confirmed"
"Mar 2025","Confirmed"
"Mar 2025","Confirmed"
"Mar 2025","Rejected"
"Mar 2025","Confirmed"
"Mar 2025","Cancelled"
"Mar 2025","Confirmed"
"Mar 2025","Confirmed"
"Mar 2025","Rejected"
"Mar 2025","Rejected"
"Mar 2025","Confirmed"
"Mar 2025","Confirmed"
"Mar 2025","Confirmed"
"Mar 2025","Confirmed"
"Mar 2025","Rejected"
"Mar 2025","Confirmed"
"Mar 2025","Confirmed"
"Mar 2025","Confirmed"
"Mar 2025","Confirmed"
"Mar 2025","Confirmed"
"Mar 2025","Cancelled"
"Mar 2025","Confirmed"
"Mar 2025","Confirmed"
"Mar 2025","Confirmed"
"Mar 2025","Confirmed"
"Mar 2025","Rejected"
"Mar 2025","Confirmed"
"Mar 2025","Confirmed"
"Mar 2025","Rejected"
"Mar 2025","Confirmed"
"Mar 2025","Confirmed"
"Mar 2025","Rejected"
"Mar 2025","Cancelled"
"Mar 2025","Rejected"
"Mar 2025","Cancelled"
"Mar 2025","Cancelled"
"Mar 2025","Cancelled"
"Mar 2025","Cancelled"
"Mar 2025","Confirmed"
"Feb 2025","Confirmed"
"Feb 2025","Confirmed"
"Feb 2025","Confirmed"
"Feb 2025","Cancelled"
"Feb 2025","Confirmed"
"Feb 2025","Confirmed"
"Feb 2025","Rejected"
"Feb 2025","Confirmed"
"Feb 2025","Confirmed"
"Feb 2025","Confirmed"
"Feb 2025","Confirmed"
"Feb 2025","Cancelled"
"Feb 2025","Cancelled"
"Feb 2025","Confirmed"
"Feb 2025","Rejected"
"Feb 2025","Cancelled"
"Feb 2025","Confirmed"
"Feb 2025","Confirmed"
"Feb 2025","Confirmed"
"Feb 2025","Confirmed"
"Feb 2025","Rejected"
"Feb 2025","Confirmed"
"Feb 2025","Confirmed"
"Feb 2025","Cancelled"
"Feb 2025","Cancelled"
"Feb 2025","Confirmed"
"Feb 2025","Confirmed"
"Feb 2025","Confirmed"
"Feb 2025","Rejected"
"Feb 2025","Confirmed"
"Feb 2025","Rejected"
"Feb 2025","Confirmed"
"Feb 2025","Confirmed"
"Feb 2025","Confirmed"
"Feb 2025","Confirmed"
"Feb 2025","Confirmed"
"Feb 2025","Cancelled"
"Feb 2025","Cancelled"
"Feb 2025","Confirmed"
"Feb 2025","Confirmed"
"Feb 2025","Confirmed"
"Feb 2025","Confirmed"
"Feb 2025","Confirmed"
"Feb 2025","Confirmed"
"Feb 2025","Confirmed"
"Feb 2025","Confirmed"
"Feb 2025","Cancelled"
"Feb 2025","Cancelled"
"Feb 2025","Cancelled"
"Feb 2025","Confirmed"
"Feb 2025","Cancelled"
"Feb 2025","Rejected"
"Feb 2025","Confirmed"
"Feb 2025","Confirmed"
"Feb 2025","Cancelled"
"Feb 2025","Confirmed"
"Feb 2025","Cancelled"
"Feb 2025","Confirmed"
"Feb 2025","Rejected"
"Feb 2025","Confirmed"
"Feb 2025","Cancelled"
"Feb 2025","Cancelled"
"Feb 2025","Confirmed"
"Feb 2025","Rejected"
"Feb 2025","Confirmed"
"Feb 2025","Cancelled"
"Feb 2025","Confirmed"
"Feb 2025","Confirmed"
"Feb 2025","Cancelled"
"Feb 2025","Confirmed"
"Feb 2025","Rejected"
"Feb 2025","Confirmed"
"Feb 2025","Cancelled"
"Feb 2025","Rejected"
"Feb 2025","Cancelled"
"Feb 2025","Confirmed"
"Feb 2025","Confirmed"
"Feb 2025","Confirmed"
"Feb 2025","Confirmed"
"Feb 2025","Confirmed"
"Feb 2025","Confirmed"
"Feb 2025","Confirmed"
"Feb 2025","Confirmed"
"Feb 2025","Confirmed"
"Feb 2025","Cancelled"
"Feb 2025","Confirmed"
"Jan 2025","Confirmed"
"Jan 2025","Confirmed"
"Jan 2025","Confirmed"
"Jan 2025","Confirmed"
"Jan 2025","Cancelled"
"Jan 2025","Confirmed"
"Jan 2025","Cancelled"
"Jan 2025","Rejected"
"Jan 2025","Rejected"
"Jan 2025","Confirmed"
"Jan 2025","Confirmed"
"Jan 2025","Cancelled"
"Jan 2025","Cancelled"
"Jan 2025","Cancelled"
"Jan 2025","Confirmed"
"Jan 2025","Cancelled"
"Jan 2025","Confirmed"
"Jan 2025","Rejected"
"Jan 2025","Confirmed"
"Jan 2025","Confirmed"
"Jan 2025","Cancelled"
"Jan 2025","Confirmed"
"Jan 2025","Confirmed"
"Jan 2025","Confirmed"
"Jan 2025","Confirmed"
"Jan 2025","Cancelled"
"Jan 2025","Confirmed"
"Jan 2025","Confirmed"
"Jan 2025","Confirmed"
"Jan 2025","Cancelled"
"Jan 2025","Cancelled"
"Jan 2025","Cancelled"
"Jan 2025","Confirmed"
"Jan 2025","Cancelled"
"Jan 2025","Cancelled"
"Jan 2025","Cancelled"
"Jan 2025","Confirmed"
"Jan 2025","Rejected"
"Jan 2025","Confirmed"
"Jan 2025","Confirmed"
"Jan 2025","Confirmed"
"Jan 2025","Rejected"
"Jan 2025","Rejected"
"Jan 2025","Confirmed"
"Jan 2025","Confirmed"
"Jan 2025","Confirmed"
"Jan 2025","Confirmed"
"Jan 2025","Cancelled"
"Jan 2025","Rejected"
"Jan 2025","Confirmed"
"Jan 2025","Confirmed"
"Jan 2025","Confirmed"
"Jan 2025","Confirmed"
"Jan 2025","Confirmed"
"Jan 2025","Rejected"
"Jan 2025","Confirmed"
"Jan 2025","Confirmed"
"Jan 2025","Cancelled"
"Jan 2025","Confirmed"
"Jan 2025","Confirmed"
"Jan 2025","Cancelled"
"Jan 2025","Confirmed"
"Jan 2025","Confirmed"
"Jan 2025","Confirmed"
"Jan 2025","Confirmed"
"Jan 2025","Confirmed"
"Jan 2025","Confirmed"
"Jan 2025","Rejected"
"Jan 2025","Confirmed"
"Jan 2025","Confirmed"
"Jan 2025","Cancelled"
"Jan 2025","Rejected"
"Jan 2025","Confirmed"
"Jan 2025","Cancelled"
"Jan 2025","Cancelled"
"Jan 2025","Cancelled"
"Jan 2025","Cancelled"
"Jan 2025","Confirmed"
"Jan 2025","Rejected"
"Jan 2025","Confirmed"
"Jan 2025","Confirmed"
"Jan 2025","Confirmed"
"Jan 2025","Confirmed"
"Jan 2025","Confirmed"
"Jan 2025","Rejected"
"Jan 2025","Confirmed"
"Jan 2025","Cancelled"
"Jan 2025","Cancelled"
"Jan 2025","Confirmed"
"Jan 2025","Rejected"
"Jan 2025","Confirmed"
"Jan 2025","Confirmed"
"Jan 2025","Rejected"
"Jan 2025","Confirmed"
"Jan 2025","Confirmed"
"Jan 2025","Confirmed"
"Jan 2025","Confirmed"
"Jan 2025","Cancelled"
"Jan 2025","Confirmed"
"Jan 2025","Cancelled"
"Jan 2025","Cancelled"
"Jan 2025","Confirmed"
"Jan 2025","Cancelled"
"Jan 2025","Confirmed"
"Jan 2025","Confirmed"
"Jan 2025","Cancelled"
"Jan 2025","Cancelled"
"Jan 2025","Confirmed"
"Jan 2025","Cancelled"
"Jan 2025","Cancelled"
"Jan 2025","Confirmed"
"Jan 2025","Cancelled"
"Jan 2025","Cancelled"
"Dec 2024","Cancelled"
"Dec 2024","Cancelled"
"Dec 2024","Cancelled"
"Dec 2024","Cancelled"
"Nov 2024","Confirmed"