"Hotel Name","Hotel ID"
"Bloomtalya Hotel","60347833"
"Saint-Petersburg Hotel","1070601"
"Saint-Petersburg Hotel","1070601"
"Dvorak Spa & Wellness","2974863"
"Elite Byblos Hotel","1311226"
"Tilal Riyadh","39865438"
"Makarem Ajyad Makkah Hotel","1800079"
"Paros Agnanti Hotel","2290585"
"Heritance Ahungalla","1588765"
"DoubleTree by Hilton Bakersfield","1147801"
"DoubleTree by Hilton Miami Airport & Convention Center","1261674"
"Diwane Hotel","1553602"
"Swissôtel Al Murooj Dubai","90001468"
"Shanashel Palace Hotel","17525749"
"Earl's Regency Hotel","1818819"
"Taleen Granada Hotel Apartments","43026435"
"Embassy Suites by Hilton Orlando International Drive ICON Park","1338737"
"Hilton Miami Downtown","1065723"
"Conrad Manila","6772448"
"Conrad Manila","6772448"
"Makarem Ajyad Makkah Hotel","1800079"
"the Curtis Denver - a DoubleTree by Hilton Hotel","1114323"
"DoubleTree by Hilton Miami Airport & Convention Center","1261674"
"Diwane Hotel","1553602"
"Washington Hilton","1103839"
"DoubleTree by Hilton Miami Airport & Convention Center","1261674"
"Hilton Garden Inn Toronto Airport West/Mississauga","1989406"
"Grand Mercure Dubai City","38970443"
"Heritance Kandalama","8032937"
"Hampton By Hilton San Jose Airport","1591597"
"Taleen Granada Hotel Apartments","43026435"
"DoubleTree by Hilton Hotel Pittsburgh - Green Tree","1240403"
"Hilton Quebec","1023083"
"Hampton by Hilton Freiburg","46958016"
"Hilton Quebec","1023083"
"Hilton Boston Logan Airport","1520097"
"DoubleTree by Hilton Hotel & Suites Pittsburgh Downtown","3066390"
"Homewood Suites by Hilton Orlando-International Drive/Convention Center","1226339"
"Hilton Garden Inn Washington DC/U.S. Capitol","1141607"
"DoubleTree Resort by Hilton Hollywood Beach","1631922"
"BLUESEA Costa Jardin Spa","1977986"
"Grand Mercure Dubai City","38970443"
"Hilton Paris Charles de Gaulle Airport","1124320"
"Hampton Inn Atlanta-Buckhead","1072644"
"DoubleTree by Hilton Phoenix Mesa","1081874"
"Hilton Checkers Los Angeles","1785166"
"Hilton Alexandria Mark Center","1838053"
"Admiral Plaza Hotel Dubai","1275928"
"Grand Mercure Dubai City","38970443"
"TRYP by Wyndham Dubai","24507074"
"The Bethesdan Hotel, Tapestry Collection by Hilton","1095713"
"Kingsgate Hotel Abu Dhabi","2314502"
"Copthorne Downtown Abu Dhabi","1664908"
"Copthorne Downtown Abu Dhabi","1664908"
"Marino Beach Colombo","2407685"
"Casa Marina Key West, Curio Collection by Hilton","1549107"
"Hilton Paris Charles de Gaulle Airport","1124320"
"Hampton Inn & Suites Mexico City - Centro Historico","2201509"
"Hilton Boston/Woburn","1137871"
"Holiday International Hotel","3158678"
"Four Seasons Hotel Apartments","68966362"
"Hampton Inn Atlanta-Buckhead","1072644"
"Hilton Boston Logan Airport","1520097"
"Grand Mercure Dubai City","38970443"
"DoubleTree by Hilton Miami Airport & Convention Center","1261674"
"DoubleTree by Hilton Chicago O’Hare Airport – Rosemont","1155673"
"Grand Mercure Dubai City","38970443"
"Grand Mercure Dubai City","38970443"
"The Hotel Galleria Jeddah, Curio Collection by Hilton","82202484"
"Elaf Bakkah Hotel","2618050"
"Velvet Hotel","99495914"
"Velvet Hotel","99495914"
"Sunway Lagoon Hotel","7493029"
"DoubleTree by Hilton Miami Airport & Convention Center","1261674"
"Washington Hilton","1103839"
"Hampton Inn Atlanta-Buckhead","1072644"
"Líbere Madrid Palacio Real","1779075"
"MARINN PLACE Financial District","7043903"
"Banana Island Resort Doha by Anantara","7144719"
"Grand Mercure Dubai City","38970443"
"Hampton Inn by Hilton Cancun Cumbres","95010208"
"Ivory Inn Hotel Doha","3919173"
"Washington Hilton","1103839"
"Hilton Daytona Beach Resort","1453683"
"Hampton Inn Atlanta-Buckhead","1072644"
"Swissôtel Al Murooj Dubai","90001468"
"Distrikt Hotel New York City, Tapestry Collection by Hilton","2078383"
"Millennium Place Barsha Heights Hotel","4661295"
"Swissôtel Al Murooj Dubai","90001468"
"Baron Palace - AlMasif hotel apartments","28456243"
"DoubleTree Suites by Hilton Hotel Philadelphia West","1687875"
"Heritance Ahungalla","1588765"
"Hotel Clover Patong Phuket (formerly Surf Hotel Patong)","66382645"
"Copthorne Hotel Sharjah","1161697"
"Hilton Daytona Beach Resort","1453683"
"Eastyard Dammam Hotel","68385454"
"Golden Tulip Sharjah Hotel Apartments","2016989"
"Hilton Denver City Center","2889861"
"Edge Creekside Hotel","66308121"
"Hotel Flamenco Cairo","1532609"
"voco Dubai","2225317"
"voco Makkah","34659922"
"Hilton Garden Inn Miami Brickell South","1431374"
"Hilton Quebec","1023083"
"Swissôtel Al Murooj Dubai","90001468"
"Al Muteb Suites Al Yarmouk 2","55454847"
"Hotel ibis Dubai Al Rigga","1160597"
"the Curtis Denver - a DoubleTree by Hilton Hotel","1114323"
"Hotel Fera Anaheim, a DoubleTree by Hilton","1789284"
"Hampton Inn & Suites Miami Wynwood Design District","59474551"
"Crowne Plaza Panama","1225563"
"voco Makkah","34659922"
"Crowne Plaza Dubai - Festival City","1797532"
"Hotel Flamenco Cairo","1532609"
"the Curtis Denver - a DoubleTree by Hilton Hotel","1114323"
"Banana Island Resort Doha by Anantara","7144719"
"The First Collection Dubai Business Bay","10131370"
"Grand Mercure Dubai City","38970443"
"voco Dubai","2225317"
"HILTON CARTAGENA","1088558"
"Embassy Suites by Hilton Portland Downtown","1637090"
"Souq Waqif Boutique Hotels by Tivoli","82130420"
"Millennium Hotel Hail","55136171"
"Millennium Hotel Hail","55136171"
"Embassy Suites by Hilton Orlando Lake Buena Vista Resort","1198233"
"Grand Mercure Dubai City","38970443"
"Roda Amwaj Suites","77451744"
"Royal Central Hotel and Resort - The Palm","6062274"
"Heritance Ahungalla","1588765"
"Marsa Malaz Kempinski, The Pearl - Doha","41100567"
"HILTON CARTAGENA","1088558"
"Golden Tulip Hail","1026910"
"Holiday International Hotel","3158678"
"Al Farhan Hotel Suite Qurtuba","31297951"
"DoubleTree by Hilton Hotel Tulsa - Warren Place","1016050"
"Pestana CR7 Marrakech","95007162"
"Hilton Boston Logan Airport","1520097"
"Ivory Inn Hotel Doha","3919173"
"The Ritz-Carlton, Amman","37324841"
"Hotel Habitel Prime","2068299"
"Hotel Habitel Prime","2068299"
"Hotel Mercure Alger Aéroport","2515132"
"Holiday Inn Dubai Festival City","86567205"
"Hampton Inn & Suites Miami Wynwood Design District","59474551"
"Al Muhaidab Residence Al Ahsa","84747451"
"Revier Hotel - Dubai","2705967"
"Holiday Inn St. Augustine-Hist. District","3514677"
"InterContinental Jeddah, an IHG Hotel","1093472"
"Hilton Meadowlands","2815707"
"Hilton Boston Park Plaza","2553422"
"Diwane Hotel","1553602"
"Hotel Mercure Alger Aéroport","2515132"
"Casa Marina Key West, Curio Collection by Hilton","1549107"
"Al Farhan Hotel Suites - Al Salam","6491456"
"Khabti Grand Hotel","94412272"
"Eastyard Dammam Hotel","68385454"
"Kingsgate Hotel Abu Dhabi","2314502"
"Kaani Beach Hotel","1855139"
"Millennium Hotel Hail","55136171"
"Millennium Hotel Hail","55136171"
"Washington Hilton","1103839"
"The Bethesdan Hotel, Tapestry Collection by Hilton","1095713"
"Hampton Inn New York - LaGuardia Airport","1959638"
"Hampton Inn & Suites Alexandria Old Town Area South","1533326"
"Doubletree Suites by Hilton Hotel Boston Cambridge","1238848"
"Copthorne Hotel Sharjah","1161697"
"LaGuardia Plaza Hotel","2547229"
"Hampton Inn Manhattan-Madison Square Garden Area","1569140"
"Hilton Denver City Center","2889861"
"Steigenberger Hotel El Tahrir Cairo","8733222"
"Golden New Continental EX. Hyatt Jeddah Continental Hotel","3980702"
"Copthorne Hotel Sharjah","1161697"
"Hilton Quebec","1023083"
"Heritance Kandalama","8032937"
"Heritance Kandalama","8032937"
"Heritance Kandalama","8032937"
"Home2 Suites by Hilton Taylor Detroit","65213260"
"Diwane Hotel","1553602"
"voco Makkah","34659922"
"Hilton Los Angeles Airport","1153727"
"Warwick Hotel Jeddah","21763337"
"Avani Deira Dubai Hotel","2585117"
"HILTON CARTAGENA","1088558"
"DoubleTree Resort by Hilton Hollywood Beach","1631922"
"BLUESEA Costa Jardin Spa","1977986"
"DoubleTree by Hilton Hotel Albuquerque","3762120"
"Hilton Boston Logan Airport","1520097"
"Millennium Hotel Hail","55136171"
"Edge Creekside Hotel","66308121"
"Le Park Concord Hotel Arar","83302916"
"Embassy Suites by Hilton Orlando Lake Buena Vista South","2155658"
"Embassy Suites by Hilton Orlando Lake Buena Vista South","2155658"
"Hilton Boston Logan Airport","1520097"
"Hampton By Hilton San Jose Airport","1591597"
"Hilton Garden Inn Niagara-on-the-Lake","1281331"
"Copthorne Hotel Sharjah","1161697"
"Makarem Ajyad Makkah Hotel","1800079"
"Hampton By Hilton San Jose Airport","1591597"
"Hampton By Hilton San Jose Airport","1591597"
"Avani Deira Dubai Hotel","2585117"
"DoubleTree by Hilton Miami Airport & Convention Center","1261674"
"Hilton Quebec","1023083"
"DoubleTree by Hilton Miami Airport & Convention Center","1261674"
"Swissôtel Al Murooj Dubai","90001468"
"Hampton Inn Manhattan-Madison Square Garden Area","1569140"
"Hilton Miami Airport Blue Lagoon","1822760"
"LaGuardia Plaza Hotel","2547229"
"DoubleTree Resort by Hilton Hollywood Beach","1631922"
"Hilton Alexandria Mark Center","1838053"
"DoubleTree by Hilton Miami Airport & Convention Center","1261674"
"Hilton Garden Inn Washington DC/U.S. Capitol","1141607"
"Marsa Malaz Kempinski, The Pearl - Doha","41100567"
"Makarem Umm Al Qura Hotel","1520441"
"Makarem Umm Al Qura Hotel","1520441"
"Washington Hilton","1103839"
"Copthorne Hotel Sharjah","1161697"
"Hilton Quebec","1023083"
"AWFAD Hotel","88029744"
"Balmoral Hotel","1392247"
"Somewhere Apartment Hotel","2030632"
"Cinnamon Red Colombo","1289018"
"voco Makkah","34659922"
"DoubleTree by Hilton Hotel Tulsa - Warren Place","1016050"
"Hampton Inn New York - LaGuardia Airport","1959638"
"DoubleTree by Hilton Miami Airport & Convention Center","1261674"
"Jaal Riad Resort - Adults Only","2385014"
"Hilton Boston Logan Airport","1520097"
"Baron Hotel Cairo","1849203"
"Luxury Night Hotel","95997385"
"voco Dubai","2225317"
"Hilton Boston Logan Airport","1520097"
"Angsana Teluk Bahang","18189310"
"Golden Dunes Al Fayhaa","48234904"
"Hilton Los Angeles Airport","1153727"
"Hampton Inn New York - LaGuardia Airport","1959638"
"Hilton Garden Inn Central Park South","1308513"
"Tanadewa Resort & Spa Ubud","94891251"
"DoubleTree by Hilton Miami Airport & Convention Center","1261674"
"Grand Mercure Dubai City","38970443"
"Hotel Flamenco Cairo","1532609"
"Ivory Inn Hotel Doha","3919173"
"Golden Tulip Sharjah Hotel Apartments","2016989"
"Hotel Fera Anaheim, a DoubleTree by Hilton","1789284"
"Hilton Boston Logan Airport","1520097"
"Hilton Garden Inn New York/Tribeca","1413183"
"Pestana CR7 Marrakech","95007162"
"Hilton Garden Inn Washington DC/U.S. Capitol","1141607"
"Arizona Biltmore,  LXR Hotels & Resorts","1636988"
"DoubleTree by Hilton Orlando at SeaWorld","1167498"
"LaGuardia Plaza Hotel","2547229"
"Sunset Jeddah","43581830"
"Makarim Palm Hotel","14898709"
"Hampton by Hilton Aachen Tivoli","79627877"
"Fairmont Amman","35137834"
"Suite Inn Hotel","1787041"
"Canopy by Hilton Madrid Castellana","1897914"
"LaGuardia Plaza Hotel","2547229"
"Hampton Inn New York - LaGuardia Airport","1959638"
"Hilton Quebec","1023083"
"Hotel Fera Anaheim, a DoubleTree by Hilton","1789284"
"Warwick Al Jubail Hotel","7897583"
"DoubleTree by Hilton Hotel Tulsa-Downtown","1302925"
"Hilton Hasbrouck Heights/Meadowlands","1483280"
"Le Park Concord Hotel Al Majmaah","56769765"
"Le Park Concord Hotel Al Majmaah","56769765"
"DoubleTree by Hilton Hotel Downtown Wilmington - Legal District","2489420"
"Hotel Fera Anaheim, a DoubleTree by Hilton","1789284"
"Hotel Clover Patong Phuket (formerly Surf Hotel Patong)","66382645"
"Hilton Quebec","1023083"
"Holiday Inn Dubai Festival City","86567205"
"Hilton New Orleans Riverside","1491836"
"Embassy Suites by Hilton Deerfield Beach Resort & Spa","2188423"
"Golden Tulip Sharjah Hotel Apartments","2016989"
"Pullman Zamzam Madina","59432551"
"Grand Millennium Al Wahda Abu Dhabi","1267011"
"Le Park Concord Hotel Arar","83302916"
"ibis Styles Dubai Airport Hotel","21724521"
"DoubleTree by Hilton Miami Airport & Convention Center","1261674"
"Hilton Quebec","1023083"
"Hilton Los Angeles Airport","1153727"
"LaGuardia Plaza Hotel","2547229"
"Pullman Zamzam Madina","59432551"
"Elizabeth Unique Hotel - A Member of Design Hotels","33310871"
"LaGuardia Plaza Hotel","2547229"
"Embassy Suites by Hilton Orlando Lake Buena Vista South","2155658"
"Hilton Paris Charles de Gaulle Airport","1124320"
"Patong Resort Hotel - SHA Extra Plus","1795897"
"Canal Central Hotel Business Bay","32165659"
"Hotel Fera Anaheim, a DoubleTree by Hilton","1789284"
"DoubleTree by Hilton Hotel","1785565"
"Raffles Makkah Palace","1483121"
"Elizabeth Unique Hotel - A Member of Design Hotels","33310871"
"Cloud City Hotel","1956273"
"Swissôtel Al Murooj Dubai","90001468"
"Hilton Cincinnati Netherland Plaza","1058979"
"Hilton Garden Inn Toronto/Brampton","3454546"
"LaGuardia Plaza Hotel","2547229"
"LaGuardia Plaza Hotel","2547229"
"La Suite Dubai Hotel & Apartments","1274160"
"Hotel Fera Anaheim, a DoubleTree by Hilton","1789284"
"Makarem Ajyad Makkah Hotel","1800079"
"Pullman Zamzam Madina","59432551"
"DoubleTree Suites by Hilton Hotel Philadelphia West","1687875"
"LaGuardia Plaza Hotel","2547229"
"Sheraton Grand Hotel, Dubai","89963369"
"AWFAD Hotel","88029744"
"Hotel Flamenco Cairo","1532609"
"W Amman","43047915"
"DoubleTree by Hilton Miami Airport & Convention Center","1261674"
"NH Collection Colombo","51935770"
"DoubleTree by Hilton Miami Airport & Convention Center","1261674"
"The Venue Jeddah Corniche","4387800"
"Raffles Makkah Palace","1483121"
"Hilton Garden Inn Nashville Downtown/Convention Center","15079758"
"Hampton Inn Nashville/Vanderbilt","1508367"
"Baron Hotel Cairo","1849203"
"Hilton Quebec","1023083"
"Barceló Residences Dubai Marina","51302635"
"DoubleTree by Hilton Orlando Downtown","2194137"
"Hilton Quebec","1023083"
"DoubleTree by Hilton Chicago O’Hare Airport – Rosemont","1155673"
"DoubleTree Resort by Hilton Hollywood Beach","1631922"
"Hilton Boston Logan Airport","1520097"
"Hilton Quebec","1023083"
"Hilton Quebec","1023083"
"Marsa Malaz Kempinski, The Pearl - Doha","41100567"
"Hilton Denver City Center","2889861"
"Hilton Quebec","1023083"
"Embassy Suites by Hilton Atlanta at Centennial Olympic Park","2168216"
"Pullman Zamzam Madina","59432551"
"Hampton Inn & Suites Tampa/Ybor City/Downtown","1435647"
"Rove Downtown Dubai","1897370"
"DoubleTree by Hilton Montreal","1343914"
"voco Dubai","2225317"
"Embassy Suites by Hilton Portland Downtown","1637090"
"Hilton Meadowlands","2815707"
"DoubleTree Resort by Hilton Hollywood Beach","1631922"
"Hilton Garden Inn Bethesda Downtown","2241215"
"DoubleTree by Hilton Weerawila Rajawarna Resort","95348534"
"Fairmont Dubai","1261096"
"Fairmont Dubai","1261096"
"Highline Vail - a DoubleTree by Hilton","2001422"
"ibis Styles Dubai Airport Hotel","21724521"
"Cinnamon Bey Beruwala","1658203"
"Hampton Inn & Suites Vanderbilt Elliston Place","1417496"
"Makarem Ajyad Makkah Hotel","1800079"
"LaGuardia Plaza Hotel","2547229"
"ibis Styles Dubai Airport Hotel","21724521"
"Makarem Umm Al Qura Hotel","1520441"
"Hilton Phoenix Resort at the Peak","1102750"
"Hilton Garden Inn Bethesda Downtown","2241215"
"SIRO One Za'abeel","85454847"
"ibis Styles Dubai Airport Hotel","21724521"
"Grand Mercure Dubai City","38970443"
"Grand Mercure Dubai City","38970443"
"Grand Mercure Dubai City","38970443"
"Grand Mercure Dubai City","38970443"
"Hotel Clover Patong Phuket (formerly Surf Hotel Patong)","66382645"
"Grand Mercure Dubai City","38970443"
"Grand Mercure Dubai City","38970443"
"Hotel Clover Patong Phuket (formerly Surf Hotel Patong)","66382645"
"Cloud7 Residence AlUla","58118894"
"One&Only One Za'abeel","80183651"
"One&Only One Za'abeel","80183651"
"Swissôtel Al Murooj Dubai","90001468"
"ibis Styles Dubai Airport Hotel","21724521"
"ibis Styles Dubai Airport Hotel","21724521"
"Wyndham La Vita Phuket","49932480"
"Grand Millennium Al Wahda Abu Dhabi","1267011"
"voco Dubai","2225317"
"Athina Suites Hotel","15338647"
"The Hotel Galleria Jeddah, Curio Collection by Hilton","82202484"
"ibis Styles Dubai Airport Hotel","21724521"
"ibis Styles Dubai Airport Hotel","21724521"
"Montreal Barsha Hotel","1519517"
"Rabigh Park Hotel","83399950"
"Cloud7 Residence AlUla","58118894"
"Swiss Al Hamra Hotel","1851313"
"Grand Mercure Dubai City","38970443"
"ibis Styles Dubai Airport Hotel","21724521"
"Hotel Novotel Yanbu","59951875"
"Washington Hilton","1103839"
"ibis Styles Dubai Airport Hotel","21724521"
"Washington Hilton","1103839"
"Arizona Biltmore,  LXR Hotels & Resorts","1636988"
"My Story Hotel Ouro","2413184"
"Aram Hotel - AlMeshael Exit 18","67125690"
"Eastyard Khobar Hotel","2267250"
"Patong Resort Hotel - SHA Extra Plus","1795897"
"Hotel Novotel Yanbu","59951875"
"Hampton Inn & Suites Miami Wynwood Design District","59474551"
"The Venue Jeddah Corniche","4387800"
"ibis Styles Dubai Airport Hotel","21724521"
"Hilton Fort Lauderdale Marina","2146059"
"Grand Mercure Dubai City","38970443"
"Hampton Inn & Suites Vanderbilt Elliston Place","1417496"
"Raffles Makkah Palace","1483121"
"Al Liwan Suites Doha","5179360"
"Kaani Beach Hotel","1855139"
"Hotel Clover Patong Phuket (formerly Surf Hotel Patong)","66382645"
"Kempinski The Boulevard Dubai","44090629"
"Kenzi Solazur Tanger","1028127"
"Hilton Quebec","1023083"
"DoubleTree by Hilton Hotel Toronto Downtown","1585679"
"Somewhere Hotel Al Ahsa","2628064"
"ibis Styles Dubai Airport Hotel","21724521"
"Hilton Garden Inn Orlando Airport","1521900"
"Millennium Plaza Downtown Hotel","1578975"
"Barceló Residences Dubai Marina","51302635"
"Kenzi Solazur Tanger","1028127"
"Millennium Plaza Downtown Hotel","1578975"
"Southern Sun Abu Dhabi","2439123"
"The S Hotel Al Barsha","99497090"
"Hilton Alexandria Mark Center","1838053"
"Embassy Suites by Hilton Chicago O'Hare Rosemont","1072643"
"Hilton Quebec","1023083"
"Hilton Quebec","1023083"
"Hilton Garden Inn Merida","10848416"
"Hampton Inn Philadelphia Center City-Convention Center","3055327"
"Hilton Quebec","1023083"
"Hilton Quebec","1023083"
"Millennium Plaza Downtown Hotel","1578975"
"Swissôtel Al Murooj Dubai","90001468"
"Meliá Orlando Celebration","1784211"
"ibis Styles Dubai Airport Hotel","21724521"
"DoubleTree by Hilton Montreal","1343914"
"Al Mashreq Boutique Hotel","4866782"
"ibis Styles Dubai Airport Hotel","21724521"
"Hampton Inn & Suites West Lafayette","25617135"
"Econo Lodge","1026095"
"Hilton Paris Charles de Gaulle Airport","1124320"
"Hilton Quebec","1023083"
"Hilton Quebec","1023083"
"DoubleTree by Hilton Hotel Denver","2299405"
"Hotel Fera Anaheim, a DoubleTree by Hilton","1789284"
"DoubleTree by Hilton Hotel Boston North Shore","3303516"
"Fairmont Dubai","1261096"
"Park Regis Business Bay","85095667"
"Hilton Quebec","1023083"
"ibis Styles Dubai Airport Hotel","21724521"
"Embassy Suites by Hilton Chicago O'Hare Rosemont","1072643"
"Kenzi Solazur Tanger","1028127"
"Hilton Quebec","1023083"
"Hotel Clover Patong Phuket (formerly Surf Hotel Patong)","66382645"
"Hilton Quebec","1023083"
"Hilton Quebec","1023083"
"Meliá Orlando Celebration","1784211"
"Hotel Flor Tampa Downtown, Tapestry Collection by Hilton","3231896"
"Hilton Phoenix Resort at the Peak","1102750"
"Fairmont Dubai","1261096"
"Al Farhan Hotel Suites Al Aqiq","78772730"
"Grand Mercure Dubai City","38970443"
"Comfort Hotel Bolivar","3069683"
"voco Makkah","34659922"
"HILTON MISSISSAUGA/MEADOWVALE","2261606"
"Grand Mercure Dubai City","38970443"
"Hampton by Hilton Panama","3664876"
"Amalia Hotel Athens","1696202"
"Four Seasons Hotel Apartments","68966362"
"Sofitel Shahd Al Madinah","2891071"
"Grand Mercure Dubai City","38970443"
"Diwane Hotel","1553602"
"Diwane Hotel","1553602"
"Grand Mercure Dubai City","38970443"
"Hilton Providence","2234282"
"Grand Mercure Dubai City","38970443"
"Citymax Hotel Al Barsha At The Mall","2451750"
"ibis Styles Dubai Airport Hotel","21724521"
"Grand Mercure Dubai City","38970443"
"DoubleTree by Hilton McLean Tysons","2284844"
"Comfort Suites Downtown","1557017"
"Wyndham Grand Manama","50166707"
"Grand Mercure Dubai City","38970443"
"Warwick Doha","49586076"
"Luxury Night Hotel","95997385"
"BLUESEA Costa Jardin Spa","1977986"
"Executives Hotel -  KAFD","17254284"
"The Venue Jeddah Corniche","4387800"
"Hilton Raleigh North Hills","2332852"
"Warwick Hotel Jeddah","21763337"
"Marsa Malaz Kempinski, The Pearl - Doha","41100567"
"Gardino Hotel & Residence","42618232"
"Cinnamon Grand Colombo","3403418"
"Kempinski Central Avenue Dubai","1328970"
"Gardino Hotel & Residence","42618232"
"Grand Millennium Muscat","71482600"
"Shaza Doha","10185780"
"Sofitel Shahd Al Madinah","2891071"
"Makarem Umm Al Qura Hotel","1520441"
"Alazhar Palace Hotel","66243041"
"Tilal Riyadh","39865438"
"Millennium Hilton Bangkok","1408231"
"InterContinental Jeddah, an IHG Hotel","1093472"
"ibis Styles Dubai Airport Hotel","21724521"
"Alazhar Palace Hotel","66243041"
"Tilal Riyadh","39865438"
"Gardino Hotel & Residence","42618232"
"Gardino Hotel & Residence","42618232"
"Tilal Riyadh","39865438"
"Four Seasons Hotel Apartments","68966362"
"Swissôtel Al Murooj Dubai","90001468"
"Corp Amman Hotel","2525063"
"Swissôtel Al Murooj Dubai","90001468"
"abba Sevilla Hotel","23662137"
"Four Seasons Hotel Apartments","68966362"
"Four Seasons Hotel Apartments","68966362"
"Luxury Night Hotel","95997385"
"Hotel Clover Patong Phuket (formerly Surf Hotel Patong)","66382645"
"Carawan Al Fahad Hotel","1323006"
"Carawan Al Fahad Hotel","1323006"
"Al Raha Beach Resort & Spa","1708000"
"voco Dubai","2225317"
"voco Dubai","2225317"
"Siam Kempinski Hotel Bangkok","3592460"
"voco Dubai","2225317"
"Siam Kempinski Hotel Bangkok","3592460"
"voco Dubai","2225317"
"Southern Palms Beach Resort","1105781"
"ibis Styles Dubai Airport Hotel","21724521"
"ibis Styles Dubai Airport Hotel","21724521"
"ibis Styles Dubai Airport Hotel","21724521"
"Citymax Hotel Ras Al Khaimah","86061319"
"Carawan Al Fahad Hotel","1323006"
"The WB Abu Dhabi, Curio Collection by Hilton","32489477"
"ibis Styles Dubai Airport Hotel","21724521"
"Kaani Beach Hotel","1855139"
"Kaani Beach Hotel","1855139"
"Swissôtel Al Murooj Dubai","90001468"
"AlaDeniz Hotel","84963636"
"Novotel Panama City","1930146"
"Shangri-La Hotel Kuala Lumpur","1115178"
"Savoy Hotel Manila","55894510"
"Fosshótel Reykjavík","3215147"
"Alazhar Palace Hotel","66243041"
"voco Dubai","2225317"
"Pestana CR7 Marrakech","95007162"
"Pestana CR7 Marrakech","95007162"
"Melissa Hotel Riyadh","56030526"
"Hotel Berchielli","1224447"
"Grand Hotel Ambasciatori","2292111"
"Amaya Beach Pasikudah","2484957"
"Montreal Barsha Hotel","1519517"
"Melissa Hotel Riyadh","56030526"
"Filmar Hotel","4147764"
"Montreal Barsha Hotel","1519517"
"Makarem Umm Al Qura Hotel","1520441"
"Montreal Barsha Hotel","1519517"
"Le Pacha Hôtel","37613478"
"Fairmont Doha","94283388"
"HikkaTranz by Cinnamon","3922394"
"Tilal Riyadh","39865438"
"City Palace Hotel","58233327"
"City Palace Hotel","58233327"
"Conrad Dubai","1438256"
"Canal Central Hotel Business Bay","32165659"
"Baron Hotel Cairo","1849203"
"Montreal Barsha Hotel","1519517"
"Montreal Barsha Hotel","1519517"
"Shangri-La Hotel Kuala Lumpur","1115178"
"Pavilion Hotel Kuala Lumpur Managed by Banyan Tree","63858531"
"Raffles Doha","27633174"
"BEST WESTERN Hotel Le Montparnasse","1556648"
"Harmony Suites","1559143"
"Embassy Suites by Hilton Charlotte","1464330"
"Swissôtel Al Murooj Dubai","90001468"
"The St. Regis Amman","15987289"
"The St. Regis Amman","15987289"
"Berjaya Langkawi Resort","1721573"
"Kopernikus Hotel Prag","6162683"
"Baron Hotel Cairo","1849203"
"Amalia Hotel Athens","1696202"
"Comfort Hotel Paris Porte d'Ivry","1019529"
"Montreal Barsha Hotel","1519517"
"Montreal Barsha Hotel","1519517"
"Montreal Barsha Hotel","1519517"
"Montreal Barsha Hotel","1519517"
"Shangri-La Hotel Kuala Lumpur","1115178"
"Novotel Dubai Al Barsha","1611164"
"Golden Ship Hotel","27790750"
"Mercure Grand Hotel Seef","1134535"
"ibis Styles Dubai Airport Hotel","21724521"
"Hotel Pegasus Reef","1263224"
"HDB As Sahafa Hotel","67866509"
"Shangri-La Hotel Kuala Lumpur","1115178"
"Montreal Barsha Hotel","1519517"
"The Grand Kandyan Hotel","93123743"
"Sunway Pyramid Hotel","1955243"
"Shangri-La Hotel Kuala Lumpur","1115178"
"Shangri-La Hotel Kuala Lumpur","1115178"
"Shangri-La Hotel Kuala Lumpur","1115178"
"Sunway Pyramid Hotel","1955243"
"Hilton Amman","2584243"
"Tanadewa Villas & Spa Nusa Dua","1982680"
"Pearl Grand Hotel","6972896"
"Sunway Lagoon Hotel","7493029"
"Sunway Lagoon Hotel","7493029"
"Grand Oasis Resort","1337064"
"Sunway Lagoon Hotel","7493029"
"Hilton Cairo Grand Nile","1664899"
"Hilton Amman","2584243"
"Conrad Dubai","1438256"
"Astor Hotel","1918876"
"MENA Tyche Hotel Amman","3523755"
"Vittori Palace Hotel and Residences","76537631"
"Wyndham La Vita Phuket","49932480"
"Gardino Hotel & Residence","42618232"
"Shangri-La Hotel Kuala Lumpur","1115178"
"Mercure Grand Hotel Seef","1134535"
"voco Dubai","2225317"
"voco Dubai","2225317"
"voco Dubai","2225317"
"voco Dubai","2225317"
"voco Dubai","2225317"
"voco Dubai","2225317"
"JW Marriott Hotel Marina","1034594"
"Hyatt Centric Murano Venice","1114221"
"Southern Sun Abu Dhabi","2439123"
"Southern Sun Abu Dhabi","2439123"
"Southern Sun Abu Dhabi","2439123"
"Southern Sun Abu Dhabi","2439123"
"Hyatt Centric Murano Venice","1114221"
"",""
"Tilal Riyadh","39865438"
"Hyatt Regency Dubai","1189817"
"Hyatt Regency Dubai","1189817"
"Hyatt Regency Dubai","1189817"
"OYO Las Vegas Hotel & Casino","3432925"
"OYO Las Vegas Hotel & Casino","3432925"
"OYO Las Vegas Hotel & Casino","3432925"
"ibis Styles Dubai Airport Hotel","21724521"
"Hilton Amman","2584243"
"ibis Styles Dubai Airport Hotel","21724521"
"Amaya Lake Kandalama","1502505"
"Hilton Quebec","1023083"
"Marsa Malaz Kempinski, The Pearl - Doha","41100567"
"Hilton Garden Inn Washington DC/U.S. Capitol","1141607"
"DoubleTree by Hilton Phoenix Mesa","1081874"
"Quality Inn Halifax Airport","1099974"
"Hilton Quebec","1023083"
"Quality Inn Halifax Airport","1099974"
"Comfort Suites Downtown","1557017"
"Diwane Hotel","1553602"
"Hampton Inn Portland Downtown - Waterfront","5094274"
"The H Dubai","1792178"
"Best Western Plus Paris Orly Airport","1023972"
"Hilton Toronto/Markham Suites Conference Centre & Spa","1227300"
"Park Inn by Radisson, Abu Dhabi Yas Island","1085169"
"Hampton Inn & Suites Miami Wynwood Design District","59474551"
"Hilton Heidelberg","1310412"
"Hilton Quebec","1023083"
"Hilton Quebec","1023083"
"Arizona Biltmore,  LXR Hotels & Resorts","1636988"
"Waldorf Astoria Monarch Beach","1024529"
"DoubleTree by Hilton Phoenix Mesa","1081874"
"Hilton Miami Airport Blue Lagoon","1822760"
"Hilton Garden Inn St. Johns Newfoundland","71782440"
"Hilton Quebec","1023083"
"Hilton Miami Airport Blue Lagoon","1822760"
"Hampton Inn Atlanta-Cumberland Mall/NW","4034851"
"Conrad Dubai","1438256"
"DoubleTree by Hilton Hotel & Suites Houston by the Galleria","1243783"
"Home2 Suites by Hilton East Haven New Haven","1177469"
"Marsa Malaz Kempinski, The Pearl - Doha","41100567"
"ibis Styles Dubai Airport Hotel","21724521"
"DoubleTree by Hilton Hotel San Jose","1606291"
"Quality Inn Halifax Airport","1099974"
"OYO Las Vegas Hotel & Casino","3432925"
"The Knickerbocker","8601485"
"Ramada by Wyndham Princess Belize City","2632374"
"Hilton Garden Inn Bethesda Downtown","2241215"
"DoubleTree by Hilton Hotel Newark Airport","4351633"
"Hilton Quebec","1023083"
"Hilton Quebec","1023083"
"Hilton Quebec","1023083"
"Hilton Quebec","1023083"
"DoubleTree by Hilton Miami Airport & Convention Center","1261674"
"OYO Las Vegas Hotel & Casino","3432925"
"Hampton Inn & Suites Vanderbilt Elliston Place","1417496"
"The Knickerbocker","8601485"
"Hilton New Orleans Riverside","1491836"
"DoubleTree by Hilton Phoenix Mesa","1081874"
"HILTON MISSISSAUGA/MEADOWVALE","2261606"
"Royal Zanzibar Beach Resort","3894661"
"Hilton Miami Airport Blue Lagoon","1822760"
"Grand Mercure Dubai City","38970443"
"Skyline Hotel & Suites","52417651"
"Hampton Inn & Suites Napa","76633980"
"Waldorf Astoria Monarch Beach","1024529"
"Arizona Biltmore,  LXR Hotels & Resorts","1636988"
"Hilton Garden Inn Bethesda Downtown","2241215"
"Cinnamon Lakeside Colombo","1230595"
"Hilton New Orleans Riverside","1491836"
"Washington Hilton","1103839"
"DoubleTree by Hilton Hotel Newark Airport","4351633"
"DoubleTree by Hilton Miami Airport & Convention Center","1261674"
"Hyatt Centric Murano Venice","1114221"
"Grand Hotel Palace","1231386"
"Diwane Hotel","1553602"
"Hoposa Cultural Boutique","33775533"
"JW Marriott Hotel Marina","1034594"
"JW Marriott Hotel Marina","1034594"
"Fairmont Doha","94283388"
"Citymax Hotel Ras Al Khaimah","86061319"
"Grand Mercure Dubai City","38970443"
"DoubleTree by Hilton Miami Airport & Convention Center","1261674"
"LaGuardia Plaza Hotel","2547229"
"Waldorf Astoria Chicago","1533917"
"Kempinski Central Avenue Dubai","1328970"
"Sunway Lagoon Hotel","7493029"
"Embassy Suites by Hilton Chicago O'Hare Rosemont","1072643"
"Hotel Best Semiramis","1801862"
"Hotel Fera Anaheim, a DoubleTree by Hilton","1789284"
"Novotel Jazan Hotel","32863108"
"La Suite Dubai Hotel & Apartments","1274160"
"DoubleTree by Hilton Chicago O’Hare Airport – Rosemont","1155673"
"Citymax Hotel Ras Al Khaimah","86061319"
"Embassy Suites by Hilton Minneapolis Downtown","40253030"
"Hilton Alexandria Mark Center","1838053"
"Hampton Inn Philadelphia Center City-Convention Center","3055327"
"Canal Central Hotel Business Bay","32165659"
"Hilton Cairo Grand Nile","1664899"
"voco Dubai","2225317"
"Le Park Concord Hotel-Najran","98229064"
"Las Palomas Beach & Golf Resort","1041461"
"Hilton Alexandria Mark Center","1838053"
"Hampton Inn & Suites Alexandria Old Town Area South","1533326"
"Royalton CHIC Punta Cana, An Autograph Collection All-Inclusive Resort & Casino - Adults Only","66435837"
"Amalia Hotel Athens","1696202"
"Coral Jubail Hotel","1143500"
"Hoposa Cultural Boutique","33775533"
"Avani Deira Dubai Hotel","2585117"
"Shangri-La Jeddah","20629674"
"Electra Metropolis Hotel","78920178"
"Hyatt Regency Dubai","1189817"
"Hampton Inn & Suites Alexandria Old Town Area South","1533326"
"Embassy Suites by Hilton Minneapolis Downtown","40253030"
"Hilton Garden Inn New York/Tribeca","1413183"
"DoubleTree by Hilton Orlando at SeaWorld","1167498"
"GreenTree Inn & Suites Phoenix Sky Harbor","1268257"
"Hilton Alexandria Mark Center","1838053"
"Four Seasons Hotel Apartments","68966362"
"Hampton Inn & Suites Vanderbilt Elliston Place","1417496"
"DoubleTree Suites by Hilton Hotel Philadelphia West","1687875"
"DoubleTree by Hilton Hotel Memphis Downtown","3923247"
"Mirada Purple - Obhur","58598840"
"voco Dubai","2225317"
"Shangri-La Hotel Kuala Lumpur","1115178"
"Canal Central Hotel Business Bay","32165659"
"Makarem Umm Al Qura Hotel","1520441"
"Gulf Court Hotel Business Bay","18287005"
"HILTON MISSISSAUGA/MEADOWVALE","2261606"
"HILTON MISSISSAUGA/MEADOWVALE","2261606"
"Sunway Pyramid Hotel","1955243"
"Mövenpick Hotel Jumeirah Beach","1927633"
"Hilton Cincinnati Netherland Plaza","1058979"
"Mystery Hotel Budapest","61185303"
"Alazhar Palace Hotel","66243041"
"Embassy Suites by Hilton Orlando Lake Buena Vista South","2155658"
"Hilton Garden Inn Ottawa Airport","1193886"
"Hampton Inn San Antonio-Downtown (River Walk)","1046851"
"Hampton Inn & Suites Alexandria Old Town Area South","1533326"
"DUO Hotel Lisbon, Curio Collection by Hilton","65182532"
"Hampton Inn New York - LaGuardia Airport","1959638"
"voco Dubai","2225317"
"LaGuardia Plaza Hotel","2547229"
"Hampton Inn Philadelphia Center City-Convention Center","3055327"
"Estancia del Norte San Antonio, Tapestry Collection by Hilton","2312672"
"Embassy Suites by Hilton Seattle Bellevue","1866490"
"The H Dubai","1792178"
"LaGuardia Plaza Hotel","2547229"
"ibis Styles Dubai Airport Hotel","21724521"
"SLS Dubai Hotel & Residences","54987121"
"Citymax Hotel Bur Dubai","2430484"
"Hampton Inn & Suites Alexandria Old Town Area South","1533326"
"Marsa Malaz Kempinski, The Pearl - Doha","41100567"
"Hilton Garden Inn Bethesda Downtown","2241215"
"Park Regis Business Bay","85095667"
"DUO Hotel Lisbon, Curio Collection by Hilton","65182532"
"DUO Hotel Lisbon, Curio Collection by Hilton","65182532"
"DUO Hotel Lisbon, Curio Collection by Hilton","65182532"
"Las Vegas Hilton at Resorts World","36376177"
"Hilton Garden Inn Ottawa Airport","1193886"
"LaGuardia Plaza Hotel","2547229"
"Hilton Palm Springs","1301543"
"Airport Honolulu Hotel","1155709"
"ibis Styles Dubai Airport Hotel","21724521"
"Hilton Toronto/Markham Suites Conference Centre & Spa","1227300"
"LaGuardia Plaza Hotel","2547229"
"DoubleTree By Hilton Hotel Princeton","1001897"
"Conrad Istanbul Bosphorus","1318554"
"Montreal Barsha Hotel","1519517"
"The Bethesdan Hotel, Tapestry Collection by Hilton","1095713"
"Hilton Garden Inn Orlando at SeaWorld","2189218"
"Point Hotel Taksim","1234239"
"Southern Sun Abu Dhabi","2439123"
"Cinnamon Red Colombo","1289018"
"Cinnamon Red Colombo","1289018"
"Elia Ermou Athens Hotel","4003288"
"HILTON MISSISSAUGA/MEADOWVALE","2261606"
"Noor Land Hotel","70564469"
"DoubleTree by Hilton Lansing","2709032"
"DoubleTree by Hilton Turin Lingottoo","1217750"
"Hilton Garden Inn Orlando at SeaWorld","2189218"
"Hilton Toronto/Markham Suites Conference Centre & Spa","1227300"
"Bay La Sun Hotel & Marina","4636149"
"Hampton By Hilton San Jose Airport","1591597"
"Al Diar Mina Hotel","1523532"
"Atlanta Evergreen Lakeside Resort","2210305"
"ibis Styles Dubai Airport Hotel","21724521"
"Olian Hotel","45884997"
"Amman Marriott Hotel","1333586"
"Al Diar Mina Hotel","1523532"
"Hotel Novotel Suites Riyadh Olaya","9977913"
"ibis Styles Dubai Airport Hotel","21724521"
"ibis Styles Dubai Airport Hotel","21724521"
"ibis Styles Dubai Airport Hotel","21724521"
"Sofitel Dubai Jumeirah Beach","1378038"
"Hilton Garden Inn Milan North","6450591"
"The Manhattan at Times Square Hotel","1576488"
"Hilton Garden Inn Bucharest Airport","58448043"
"Hampton by Hilton Tashkent","13062690"
"Rove At The Park","54130289"
"JW Marriott Hotel Marina","1034594"
"Marsa Malaz Kempinski, The Pearl - Doha","41100567"
"Sofitel Dubai Jumeirah Beach","1378038"
"Hotel Novotel Suites Riyadh Olaya","9977913"
"Crowne Plaza Riyadh Palace","2725246"
"Hyatt Centric Murano Venice","1114221"
"HikkaTranz by Cinnamon","3922394"
"Mövenpick Grand Al Bustan Dubai","1264015"
"DoubleTree by Hilton McLean Tysons","2284844"
"Hotel Maya - a DoubleTree by Hilton Hotel","1157598"
"The Benson Portland, Curio Collection by Hilton","1838646"
"Hilton Toronto/Markham Suites Conference Centre & Spa","1227300"
"voco Makkah","34659922"
"Hotel Premium Porto Downtown","94235909"
"Hotel Boulevard, Autograph Collection","1060043"
"Executives Hotel - Olaya","1009095"
"Radisson Hotel Colombo","1678334"
"Dorrar Aleiman Royal Hotel.","5203476"
"Hotel Villa Bianca Resort","1114215"
"Avani Deira Dubai Hotel","2585117"
"Le Park Concord Hotel Al Majmaah","56769765"
"Mövenpick Grand Al Bustan Dubai","1264015"
"Olian Hotel","45884997"
"Hyatt Centric Murano Venice","1114221"
"Executives Hotel - Olaya","1009095"
"Sveta Sofia","3666469"
"Mövenpick Hotel Jumeirah Beach","1927633"
"Patong Resort Hotel - SHA Extra Plus","1795897"
"25hours Hotel One Central","4985083"
"Bay La Sun Hotel & Marina","4636149"
"25hours Hotel One Central","4985083"
"Al Hamra Palace by Warwick - Riyadh","2820611"
"Hyatt Centric Murano Venice","1114221"
"25hours Hotel One Central","4985083"
"Karim Hotel Riyadh","95665459"
"Karim Hotel Riyadh","95665459"
"Gardino Hotel & Residence","42618232"
"25hours Hotel One Central","4985083"
"voco Dubai","2225317"
"Bay La Sun Hotel & Marina","4636149"
"Carawan Al Fahad Hotel","1323006"
"Bay La Sun Hotel & Marina","4636149"
"Montreal Barsha Hotel","1519517"
"Cinnamon Dhonveli Maldives","3209472"
"Le Park Concord Hotel Arar","83302916"
"Holiday Inn St. Augustine-Hist. District","3514677"
"25hours Hotel One Central","4985083"
"Sheraton Grand Hotel, Dubai","89963369"
"Dolce by Wyndham Athens Attica Riviera","1560166"
"Kempinski Central Avenue Dubai","1328970"
"25hours Hotel One Central","4985083"
"Four Points by Sheraton Nairobi Airport","26038107"
"Carawan Al Fahad Hotel","1323006"
"Concorde Inn Hotel","6611151"
"Fairmont Doha","94283388"
"Grand Mercure Dubai City","38970443"
"voco Dubai","2225317"
"Four Seasons Hotel Amman","1164356"
"Four Seasons Hotel Amman","1164356"
"Four Seasons Hotel Amman","1164356"
"Al Khoory Executive Hotel, Al Wasl","4493174"
"Montreal Barsha Hotel","1519517"
"Diwane Hotel","1553602"
"St George Lycabettus Hotel","1610453"
"Olian Hotel","45884997"
"Canal Central Hotel Business Bay","32165659"
"25hours Hotel One Central","4985083"
"Hilton Suites Makkah","2603795"
"25hours Hotel One Central","4985083"
"25hours Hotel One Central","4985083"
"25hours Hotel One Central","4985083"
"Canal Central Hotel Business Bay","32165659"
"Mövenpick Grand Al Bustan Dubai","1264015"
"Southern Palms Beach Resort","1105781"
"Four Seasons Hotel Amman","1164356"
"Southern Palms Beach Resort","1105781"
"Conrad Dubai","1438256"
"Golden Dunes Al Fayhaa","48234904"
"Montreal Barsha Hotel","1519517"
"Sheraton Grand Hotel, Dubai","89963369"
"Hampton by Hilton Dubai Airport","6827017"
"Conrad Dubai","1438256"
"The Tower Plaza Hotel Dubai","1520711"
"Hotel Litteraire Le Swann, BW Premier Collection","1498107"
"Hotel Krupnicza 30","67066711"
"Hotel Krupnicza 30","67066711"
"Hilton Suites Makkah","2603795"
"GreenTree Inn & Suites Phoenix Sky Harbor","1268257"
"Canal Central Hotel Business Bay","32165659"
"25hours Hotel One Central","4985083"
"Hotel Boulevard, Autograph Collection","1060043"
"Balmoral Hotel","1392247"
"Montreal Barsha Hotel","1519517"
"Shangri-La Hotel Kuala Lumpur","1115178"
"Millennium Central Dubai Downtown","1326354"
"Le Passage Cairo Hotel & Casino","1411257"
"25hours Hotel One Central","4985083"
"Bergen Harbour Hotel","6251193"
"GreenTree Inn & Suites Phoenix Sky Harbor","1268257"
"Hampton by Hilton Dubai Airport","6827017"
"Hampton by Hilton Dubai Airport","6827017"
"voco Dubai","2225317"
"Hotel Boulevard, Autograph Collection","1060043"
"Le Park Concord Hotel Arar","83302916"
"Hampton by Hilton Montevideo Carrasco","2491508"
"Swissôtel Al Murooj Dubai","90001468"
"GreenTree Inn & Suites Phoenix Sky Harbor","1268257"
"Sheraton Grand Hotel, Dubai","89963369"
"Diwane Hotel","1553602"
"Montreal Barsha Hotel","1519517"
"Sheraton Tampa Riverwalk Hotel","1618229"
"Hampton by Hilton Dubai Airport","6827017"
"Sofitel Dubai Jumeirah Beach","1378038"
"V Hotel Dubai, Curio Collection by Hilton","80640683"
"SKY hotel","18818908"
"Diwane Hotel","1553602"
"InterContinental Dubai Festival City, an IHG Hotel","1309103"
"Pyramisa Suites Hotel Cairo","1576258"
"Constantinopolis Hotel","30171534"
"Garden Plaza Hotel","62700528"
"Bay La Sun Hotel & Marina","4636149"
"Al Raha Beach Resort & Spa","1708000"
"Mövenpick Grand Al Bustan Dubai","1264015"
"Hilton Adelaide","1364618"
"Bay La Sun Hotel & Marina","4636149"
"Fly Inn Baku","4878878"
"Bay La Sun Hotel & Marina","4636149"
"The Editor Hotel Athens","59321098"
"Sheraton Grand Hotel, Dubai","89963369"
"JW Marriott Hotel Marina","1034594"
"The Tower Plaza Hotel Dubai","1520711"
"Aurassi Hotel","5626352"
"Montreal Barsha Hotel","1519517"
"Montreal Barsha Hotel","1519517"
"Sunrise Crystal Bay Resort -Grand Select","2528956"
"Hilton Kuala Lumpur","1419118"
"Royalton Splash Punta Cana An Autograph Collection All-Inclusive Resort & Casino","1461750"
"Royalton Splash Punta Cana An Autograph Collection All-Inclusive Resort & Casino","1461750"
"Royalton Splash Punta Cana An Autograph Collection All-Inclusive Resort & Casino","1461750"
"Royalton Splash Punta Cana An Autograph Collection All-Inclusive Resort & Casino","1461750"
"Alfaw Plaza Hotel","21499370"
"Ambassadeurs Hotel","5123818"
"voco Dubai","2225317"
"25hours Hotel One Central","4985083"
"Corp Amman Hotel","2525063"
"25hours Hotel One Central","4985083"
"Hampton by Hilton Dubai Airport","6827017"
"Hotel Cartagena Dubai","17699558"
"Gray Boutique Hotel and Spa","3450649"
"DoubleTree by Hilton Hotel Cairns","1148687"
"Hilton Dubai Al Habtoor City","56027567"
"Montreal Barsha Hotel","1519517"
"Mövenpick Grand Al Bustan Dubai","1264015"
"DoubleTree by Hilton Hotel Cairns","1148687"
"Swissôtel Al Murooj Dubai","90001468"
"25hours Hotel One Central","4985083"
"Swissôtel Al Murooj Dubai","90001468"
"Swissôtel Al Murooj Dubai","90001468"
"Hotel Clover Patong Phuket (formerly Surf Hotel Patong)","66382645"
"Swissôtel Al Murooj Dubai","90001468"
"Crowne Plaza Dubai - Festival City","1797532"
"Retaj Al Rayyan Hotel","1070186"
"Cinnamon Red Colombo","1289018"
"Hyatt Centric Murano Venice","1114221"
"Sunway Pyramid Hotel","1955243"
"Crowne Plaza Jeddah","2274603"
"Hilton Dubai Jumeirah","8188063"
"Fairmont Doha","94283388"
"Le Park Concord Hotel Arar","83302916"
"Sunway Lagoon Hotel","7493029"
"25hours Hotel One Central","4985083"
"abba Sevilla Hotel","23662137"
"Renz Hotel","3110777"
"Crowne Plaza Jeddah","2274603"
"Millennium Makkah Al Naseem","52891473"
"Hilton Suites Makkah","2603795"
"Hilton Garden Inn Dubai Jumeirah","93727439"
"Patong Resort Hotel - SHA Extra Plus","1795897"
"InterContinental Jeddah, an IHG Hotel","1093472"
"The Diplomat Beach Resort Hollywood, Curio Collection by Hilton","1117945"
"DoubleTree by Hilton Hotel Cariari San Jose - Costa Rica","2090808"
"Grand Oasis Resort","1337064"
"Granbell Hotel Colombo","38215861"
"Hotel ibis Alger Aéroport","3620135"
"voco Dubai","2225317"
"Hampton Inn by Hilton Calgary Airport North","3595025"
"Hilton Strasbourg","1549217"
"Hyatt Place Riyadh Al Sulaimania","80931281"
"HILTON MISSISSAUGA/MEADOWVALE","2261606"
"Royal Zanzibar Beach Resort","3894661"
"DoubleTree by Hilton Hotel Shanghai - Pudong","1197104"
"Myconian Ambassador Relais & Chateaux","2533695"
"Myconian Ambassador Relais & Chateaux","2533695"
"Candia Hotel","1626414"
"The Danna Langkawi","1580117"
"Elizabeth Unique Hotel - A Member of Design Hotels","33310871"
"25hours Hotel One Central","4985083"
"Hotel Aleksandar","8108188"
"25hours Hotel One Central","4985083"
"25hours Hotel One Central","4985083"
"25hours Hotel One Central","4985083"
"Cosmopolita Hotel Rome, Tapestry Collection by Hilton","3913161"
"abba Sevilla Hotel","23662137"
"Cinnamon Citadel","3394236"
"Candia Hotel","1626414"
"Cinnamon Bey Beruwala","1658203"
"Hampton By Hilton San Jose Airport","1591597"
"25hours Hotel One Central","4985083"
"Hotel Mercure Alger Aéroport","2515132"
"VIP Grand Lisboa Hotel & Spa","1384061"
"Rove At The Park","54130289"
"Prime Al Corniche Hotel","33109780"
"Angsana Teluk Bahang","18189310"
"Grand Mercure Dubai City","38970443"
"Angsana Teluk Bahang","18189310"
"Continental Hotel Hurghada","1391129"
"Le Park Concord Hotel Arar","83302916"
"Pearl Grand Hotel","6972896"
"Pearl Grand Hotel","6972896"
"Pearl Grand Hotel","6972896"
"Montreal Barsha Hotel","1519517"
"Montreal Barsha Hotel","1519517"
"Pearl Grand Hotel","6972896"
"Pearl Grand Hotel","6972896"
"Pearl Grand Hotel","6972896"
"Montreal Barsha Hotel","1519517"
"Pearl Grand Hotel","6972896"
"Hotel ibis Alger Aéroport","3620135"
"Angsana Teluk Bahang","18189310"
"25hours Hotel One Central","4985083"
"Palazzo dal Borgo","1521299"
"Myconian Korali Relais & Chateaux Hotel","69379566"
"Cinnamon Bey Beruwala","1658203"
"Garden Plaza Hotel","62700528"
"Garden Plaza Hotel","62700528"
"Royal Zanzibar Beach Resort","3894661"
"Hilton Garden Inn Dubai Jumeirah","93727439"
"25hours Hotel One Central","4985083"
"Sierra Sharm El Sheikh","1702670"
"Fairmont Amman","35137834"
"Grand Mercure Dubai City","38970443"
"Mövenpick Grand Al Bustan Dubai","1264015"
"Southern Palms Beach Resort","1105781"
"25hours Hotel One Central","4985083"
"Continental Hotel Hurghada","1391129"
"Grand Mercure Dubai City","38970443"
"Best Western Plus Accra Beach Hotel","1195692"
"Candia Hotel","1626414"
"Mövenpick Hotel Jumeirah Beach","1927633"
"25hours Hotel One Central","4985083"
"Montreal Barsha Hotel","1519517"
"Millennium Makkah Al Naseem","52891473"
"Hospedium Princess Hotel Panamá","2060343"
"25hours Hotel One Central","4985083"
"MENA Tyche Hotel Amman","3523755"
"Candia Hotel","1626414"
"Paramount Hotel Dubai","74286056"
"Hospedium Princess Hotel Panamá","2060343"
"Marigold Thermal & SPA Hotel","1043836"
"Montreal Barsha Hotel","1519517"
"Clarion Congress Hotel Bratislava","2038472"
"Hampton by Hilton Dubai Airport","6827017"
"Sun Palace Hotel","3109442"
"Novotel Jazan Hotel","32863108"
"25hours Hotel One Central","4985083"
"25hours Hotel One Central","4985083"
"The Houghton Hotel, Spa, Wellness & Golf","20682490"
"Mercure Grand Hotel Seef","1134535"
"25hours Hotel One Central","4985083"
"25hours Hotel One Central","4985083"
"25hours Hotel One Central","4985083"
"Sheraton Grand Hotel, Dubai","89963369"
"Grand Hotel De La Ville","1221968"
"25hours Hotel One Central","4985083"
"25hours Hotel One Central","4985083"
"25hours Hotel One Central","4985083"
"voco Dubai","2225317"
"Royal Olympic Athens","1026151"
"Royal Olympic Athens","1026151"
"Hampton by Hilton Dubai Airport","6827017"
"abba Sevilla Hotel","23662137"
"abba Sevilla Hotel","23662137"
"Royal Zanzibar Beach Resort","3894661"
"Balmoral Hotel","1392247"
"Taleen AlMasif hotel apartments","28456243"
"BEST WESTERN Nantes Hôtel Graslin","4538405"
"BEST WESTERN Nantes Hôtel Graslin","4538405"
"Millennium Plaza Downtown Hotel","1578975"
"Millennium Plaza Downtown Hotel","1578975"
"Millennium Plaza Downtown Hotel","1578975"
"Millennium Plaza Downtown Hotel","1578975"
"Sheraton Grand Hotel, Dubai","89963369"
"25hours Hotel One Central","4985083"
"One&Only One Za'abeel","80183651"
"Royal Zanzibar Beach Resort","3894661"
"Novotel Phuket Kata Avista Resort & Spa","1074582"
"Hampton by Hilton Dubai Airport","6827017"
"Mövenpick Hotel Auckland","1666115"
"25hours Hotel One Central","4985083"
"Blanco Hotel Formentera","26205870"
"GreenTree Inn & Suites Phoenix Sky Harbor","1268257"
"Cinnamon Lakeside Colombo","1230595"
"InterContinental Residence Suites Dubai F.C.","1699851"
"25hours Hotel One Central","4985083"
"Candia Hotel","1626414"
"25hours Hotel One Central","4985083"
"Kamari Hotel","1214010"
"Hampton by Hilton Dubai Airport","6827017"
"Myconian Korali Relais & Chateaux Hotel","69379566"
"Melissa Hotel","96600005"
"voco Dubai","2225317"
"voco Dubai","2225317"
"Mercure Krakow Fabryczna City","38168569"
"Elounda Bay Palace Hotel","1676576"
"Cinnamon Citadel","3394236"
"Millennium Plaza Downtown Hotel","1578975"
"Mercure Madrid Centro","1693948"
"Royal Zanzibar Beach Resort","3894661"
"ibis Adelaide","4668777"
"Candia Hotel","1626414"
"Mövenpick Hotel Qassim","1900510"
"Mövenpick Hotel Tahlia Jeddah","48422279"
"ibis Styles Brisbane Elizabeth Street Hotel","99067660"
"MENA Tyche Hotel Amman","3523755"
"Amaya Beach Pasikudah","2484957"
"ibis budget Auckland Airport","90274035"
"Aurassi Hotel","5626352"
"Le Park Concord Hotel Arar","83302916"
"Holiday Inn Dubai Festival City","86567205"
"Le Park Concord Hotel - Turaif","88045644"
"Le Park Concord Hotel Arar","83302916"
"Conrad Dubai","1438256"
"Al Marwa Rayhaan by Rotana","3450314"
"Golden Dunes Al Fayhaa","48234904"
"Hotel ibis Alger Aéroport","3620135"
"Angsana Teluk Bahang","18189310"
"MGallery The Bodrum Hotel Yalikavak","18812524"
"Candia Hotel","1626414"
"Hotels Europa","1129456"
"Sofitel Bogota Victoria Regia","1655580"
"One&Only One Za'abeel","80183651"
"Tilal Riyadh","39865438"
"The Berkeley Hotel Pratunam","2596319"
"MENA Tyche Hotel Amman","3523755"
"BEST WESTERN Hotel Madison","1282669"
"Abba Berlin Hotel","1781828"
"Arlene Boutique","44524309"
"Hotel Mediterraneo","1203076"
"Conrad Dubai","1438256"
"voco Dubai","2225317"
"Arabian Courtyard Hotel & Spa","1096537"
"Royal Zanzibar Beach Resort","3894661"
"Golden Andalus Hotel","52572890"
"Executives Hotel - Olaya","1009095"
"Hotel Greenview Medellin","2577778"
"Aiden by Best Western @ Denver West/Golden","1403791"
"AxelBeach Miami South Beach - Adults Only","3730634"
"Hotel Belmont Vancouver MGallery","2924124"
"MENA Tyche Hotel Amman","3523755"
"Hotel Windsor House Inn By GEH Suites","1511905"
"Hotel Windsor House Inn By GEH Suites","1511905"
"Alas Resort & Spa","2424209"
"Safir Sharm Waterfalls Resort","1059883"
"Mercure Bologna Centro","1778994"
"Hotel Belmont Vancouver MGallery","2924124"
"Novotel Strasbourg Centre Halles","1666334"
"Candia Hotel","1626414"
"Best Western Plus Strongsville Cleveland","1205758"
"GreenTree Inn & Suites Phoenix Sky Harbor","1268257"
"Luna Hotel da Oura","28072437"
"Myconian Kyma Design Hotel","35983221"
"Le Park Concord Hotel Arar","83302916"
"ibis Adelaide","4668777"
"Swissôtel Al Murooj Dubai","90001468"
"Roda Amwaj Suites","77451744"
"El Mouradi Hammamet","1279517"
"25hours Hotel One Central","4985083"
"Hilton Amman","2584243"
"Aiden by Best Western @ Denver West/Golden","1403791"
"Hyatt Place Taghazout Bay","95170149"
"Crowne Plaza Dubai - Festival City","1797532"
"Kempinski The Boulevard Dubai","44090629"
"Tilal Riyadh","39865438"
"One&Only One Za'abeel","80183651"
"25hours Hotel One Central","4985083"
"Hospedium Princess Hotel Panamá","2060343"
"ibis Milano Centro","1098956"
"SLS Baha Mar","78642556"
"Hotel Grand Mercure Phuket Patong","4823495"
"Casual del Jazz San Sebastián","7958751"
"The Caesar Roma","1195764"
"ibis Styles Zurich City Center","31220191"
"Mercure São José dos Campos","1159235"
"Mercure São José dos Campos","1159235"
"Mercure Camboriu","2068998"
"Mercure São José dos Campos","1159235"
"ibis Wien Mariahilf","1362337"
"Amaya Beach Pasikudah","2484957"
"Corp Amman Hotel","2525063"
"Pullman Cologne","1135407"
"Fairmont Hotel Macdonald","2916313"
"25hours Hotel One Central","4985083"
"Divani Palace Acropolis","1705981"
"Roda Amwaj Suites","77451744"
"abba Sevilla Hotel","23662137"
"Hampton by Hilton Dubai Airport","6827017"
"Novotel Milano Linate Aeroporto","1588920"
"Royal Zanzibar Beach Resort","3894661"
"Cinnamon Lakeside Colombo","1230595"
"Conrad Dubai","1438256"
"Amaya Hills Kandy","5059506"
"The Calm Resort & Spa","56704982"
"Boscolo Lyon Hotel & Spa","52170093"
"Novotel Toronto North York","1707230"
"Best Western Seine West Hotel","4646545"
"Novotel Milano Linate Aeroporto","1588920"
"Hospedium Princess Hotel Panamá","2060343"
"The Tower Plaza Hotel Dubai","1520711"
"Best Western Plus Fenton","4000332"
"M Hotel Makkah by Millennium","9128087"
"ibis Adelaide","4668777"
"Best Western Plus Strongsville Cleveland","1205758"
"Novotel Salerno Est Arechi","1040344"
"Swissôtel Al Murooj Dubai","90001468"
"Ibis Styles Toulouse Centre Canal du Midi","1178988"
"Marina-Athens Hotel","1132792"
"The Manhattan at Times Square Hotel","1576488"
"Swissôtel Al Murooj Dubai","90001468"
"Al Marwa Rayhaan by Rotana","3450314"
"Novus City Hotel","1865387"
"Quality Inn & Suites","1028145"
"ibis Adelaide","4668777"
"ibis Wien Mariahilf","1362337"
"Fairmont Palliser","2235150"
"Pullman Paris Montparnasse","1787310"
"Mercure Bordeaux Centre-Ville","2569285"
"Aiden by Best Western @ Denver West/Golden","1403791"
"GreenTree Inn & Suites Phoenix Sky Harbor","1268257"
"Best Western Plus Strongsville Cleveland","1205758"
"Al Marwa Rayhaan by Rotana","3450314"
"M Hotel Makkah by Millennium","9128087"
"Pullman Cologne","1135407"
"Best Western Plus Fenton","4000332"
"Novotel Jazan Hotel","32863108"
"SureStay Hotel by Best Western SeaTac Airport North","1699157"
"Pullman Cologne","1135407"
"Al Marwa Rayhaan by Rotana","3450314"
"Novotel Barcelona Cornella","1723092"
"Aparthotel Adagio Serris - Val d'Europe","1349699"
"ibis Melaka","41058274"
"Bamburi Beach Hotel","3888878"
"Swissôtel Al Murooj Dubai","90001468"
"Comfort Hotel Melbourne Central","1624738"
"Aqua Blue Hotel","18639470"
"Radisson Hotel Kandy","82085178"
"Al Khoory Courtyard Hotel","52055412"
"Balmoral Hotel","1392247"
"Hotel ibis Styles Nairobi Westlands","54383243"
"Sun Beach Resort","1083479"
"Splendid Hotel & Spa Nice","1056406"
"Novotel Jazan Hotel","32863108"
"Le Park Concord Hotel Arar","83302916"
"Novotel Saigon Centre","2988005"
"Jasmine Court Hotel & Casino","1061231"
"Best Western Plus Vancouver Airport Hotel","2090143"
"25hours Hotel One Central","4985083"
"ibis Wien Mariahilf","1362337"
"Hotel Bay Oran","8675336"
"Mercure Nice Centre Notre Dame","1220949"
"Al Marwa Rayhaan by Rotana","3450314"
"Novotel Bangkok on Siam Square","2134025"
"Garden Plaza Hotel","62700528"
"Radisson Hotel Kandy","82085178"
"Al Marwa Rayhaan by Rotana","3450314"
"Lyttos Mare","70439606"
"SureStay Hotel by Best Western Santa Monica","2598789"
"GreenTree Inn & Suites Phoenix Sky Harbor","1268257"
"Waldorf Astoria Dubai International Financial Centre","60137681"
"The Tower Plaza Hotel Dubai","1520711"
"Cour du Corbeau Strasbourg MGallery","1931060"
"25hours Hotel One Central","4985083"
"Pullman Paris Centre - Bercy","1312214"
"Al Raha Beach Resort & Spa","1708000"
"Best Western Plus Fenton","4000332"
"Hotel Moon & Sun Porto","45096113"
"Mercure Santiago Centro","2104533"
"Las Palomas Beach & Golf Resort","1041461"
"Hotel NJV Athens Plaza","1163588"
"ibis Adelaide","4668777"
"The Tower Plaza Hotel Dubai","1520711"
"Novotel Canberra","2858493"
"ibis Wien Mariahilf","1362337"
"Comfort Inn","5717116"
"Best Western Plus Strongsville Cleveland","1205758"
"Grand Mercure Dubai City","38970443"
"Grand Mercure Dubai City","38970443"
"Swissôtel Al Murooj Dubai","90001468"
"Conrad Dubai","1438256"
"25hours Hotel One Central","4985083"
"Renuka City Hotel","2459795"
"Mövenpick Hotel Stuttgart Messe & Congress","78629119"
"Novotel Miami Brickell","55239695"
"Hotel Cenacolo Assisi","1142470"
"Hotel Mepas","4029299"
"Kassandra Bay Resort & SPA","4623376"
"Alpinn Hotel İstanbul","15705605"
"Mercure Wien Westbahnhof","1553197"
"Mercure Grand Hotel Biedermeier Wien","1827662"
"Mercure Grand Hotel Biedermeier Wien","1827662"
"Mercure Grand Hotel Biedermeier Wien","1827662"
"Al Raha Beach Resort & Spa","1708000"
"25hours Hotel One Central","4985083"
"Royal Zanzibar Beach Resort","3894661"
"ibis Zurich Messe Airport","1019995"
"Best Western Plus Fenton","4000332"
"Mercure Quemado Resort","3214757"
"Grand Oasis Resort","1337064"
"ibis Wien Mariahilf","1362337"
"Mercure Grand Hotel Biedermeier Wien","1827662"
"Novotel Milano Linate Aeroporto","1588920"
"ibis Adelaide","4668777"
"Warwick Hotel Jeddah","21763337"
"Executives Hotel - Olaya","1009095"
"Hotel ibis Styles Nairobi Westlands","54383243"
"Divani Palace Acropolis","1705981"
"Sofitel Paris Baltimore Tour Eiffel","1655762"
"25hours Hotel One Central","4985083"
"Hotel Cartagena Dubai","17699558"
"Mercure Grand Hotel Biedermeier Wien","1827662"
"Hyatt Place Taghazout Bay","95170149"
"Novotel Miami Brickell","55239695"
"Sheraton Grand Hotel, Dubai","89963369"
"Hotel Alcyon","1383194"
"Best Western Plus Strongsville Cleveland","1205758"
"Alesahne Beach Hotel","1340899"
"Corp Amman Hotel","2525063"
"Sultan Gardens Resort","1017324"
"Hotel BEST WESTERN Krakow Old Town","1776777"
"ibis Zurich Messe Airport","1019995"
"Fairmont Palliser","2235150"
"Mercure San Sebastián Monte Igueldo","1542474"
"Fairmont Ramla Serviced Residences","39985985"
"Quality Suites","1188400"
"Best Western Hôtel Ronceray-Opéra","1137444"
"Best Western Hôtel Ronceray-Opéra","1137444"
"Best Western Plus Strongsville Cleveland","1205758"
"Hampton Inn & Suites Miami-Doral/Dolphin Mall","1566683"
"InterContinental Jeddah, an IHG Hotel","1093472"
"25hours Hotel One Central","4985083"
"Novotel Paris 13 Porte d'Italie","1091578"
"Best Western Ars Hotel","1267976"
"Cinnamon Lakeside Colombo","1230595"
"Corp Amman Hotel","2525063"
"Best Western Plus Buraidah","88922726"
"Royal Zanzibar Beach Resort","3894661"
"Novotel Sydney on Darling Harbour","2113338"
"Le Meridien Jeddah","2163812"
"Novotel Bourges","1308329"
"Best Western Plus Boardman Inn & Suites","93418944"
"Hotel Cala Sant Vicenc","1028368"
"Citymax Hotel Business Bay","64421440"
"Laleh International Hotel","1191292"
"Hyatt Place Taghazout Bay","95170149"
"Swissôtel Al Murooj Dubai","90001468"
"25hours Hotel One Central","4985083"
"Boscolo Lyon Hotel & Spa","52170093"
"Prime Al Corniche Hotel","33109780"
"Golden Tulip Dammam Corniche","61835438"
"Millennium Makkah Al Naseem","52891473"
"InterContinental Jeddah, an IHG Hotel","1093472"
"Hotel Centrale, BW Signature Collection","4129589"
"Best Western Kom Hotel Stockholm","1228052"
"Golden Dunes Al Fayhaa","48234904"
"Golden Dunes Al Fayhaa","48234904"
"Candia Hotel","1626414"
"Holiday Inn Dubai Festival City","86567205"
"Holiday Inn Dubai Festival City","86567205"
"Holiday Inn Panama Canal","1859846"
"Sofitel Le Scribe Paris Opéra","1132904"
"Seabel Alhambra Beach Golf & Spa","2313474"
"Best Western Plus Strongsville Cleveland","1205758"
"25hours Hotel One Central","4985083"
"25hours Hotel One Central","4985083"
"Iris Boutique Jazan","89721372"
"Hilton Amman","2584243"
"Centro Mada Amman","25758619"
"Hotel Greenview Medellin","2577778"
"ibis Cartagena Marbella","80353300"
"Hotel Ibis Styles Dinan Centre Ville","1514373"
"Hotel Ibis Styles Dinan Centre Ville","1514373"
"InterContinental Jeddah, an IHG Hotel","1093472"
"InterContinental Jeddah, an IHG Hotel","1093472"
"Roda Amwaj Suites","77451744"
"Ocean View House","5043333"
"Diagoras Hotel","37563301"
"Hilton Amman","2584243"
"ibis Wellington","3788748"
"Kempinski Central Avenue Dubai","1328970"
"Alazhar Palace Hotel","66243041"
"Alexandar Square Boutique Hotel","48098316"
"Royal Zanzibar Beach Resort","3894661"
"Cosmos Selection Saint-Petersburg Nevsky Royal Hotel, a member of Radisson Individuals","3147902"
"GreenTree Inn & Suites Phoenix Sky Harbor","1268257"
"Mercure Grand Hotel Seef","1134535"
"Mercure Grand Hotel Seef","1134535"
"Golden Tulip Hail","1026910"
"Hotel Çelik Palas Convention Center & Thermal Spa","49405791"
"Ananta Burin Resort","3564447"
"Cinnamon Lakeside Colombo","1230595"
"M Hotel Makkah by Millennium","9128087"
"Hotel Avexi Suites By GEH Suites","42189187"
"Royal Azur Thalassa","2209814"
"Roda Amwaj Suites","77451744"
"HOTEL MAJESTIC PALACE","1335700"
"Swissôtel Al Murooj Dubai","90001468"
"Swissôtel Al Murooj Dubai","90001468"
"Econo Lodge","1746442"
"25hours Hotel One Central","4985083"
"25hours Hotel One Central","4985083"
"Bay La Sun Hotel & Marina","4636149"
"Hotel Novotel Yanbu","59951875"
"Paradise Inn Beach Resort Maamoura","2217882"
"25hours Hotel One Central","4985083"
"Aurassi Hotel","5626352"
"Aurassi Hotel","5626352"
"Aurassi Hotel","5626352"
"Swissôtel Al Murooj Dubai","90001468"
"Royal Zanzibar Beach Resort","3894661"
"Mercure Amsterdam City Hotel","1890621"
"Sofitel Mexico City Reforma","98020198"
"Corp Amman Hotel","2525063"
"25hours Hotel One Central","4985083"
"Porto Galini Seaside Resort & Spa","1220141"
"Hilton Garden Inn Dubai Deira","63880602"
"ibis Zurich Messe Airport","1019995"
"The Tower Plaza Hotel Dubai","1520711"
"Signia by Hilton Amman","1321318"
"Hotel Avexi Suites By GEH Suites","42189187"
"ibis budget Auckland Airport","90274035"
"Sofitel Mexico City Reforma","98020198"
"Hampton by Hilton Dubai Airport","6827017"
"Hotel Aleksandar","8108188"
"Hotel Çelik Palas Convention Center & Thermal Spa","49405791"
"Novotel Vilnius Centre","2127880"
"Hotel Aleksandar","8108188"
"Sheraton Grand Hotel, Dubai","89963369"
"Millennium Makkah Al Naseem","52891473"
"Pullman Quay Grand Sydney Harbour","1749748"
"Hotel GHT Sa Riera ****","77163191"
"Myconian Kyma Design Hotel","35983221"
"Pullman Cologne","1135407"
"Pullman Cologne","1135407"
"Kingsgate Al Jadaf - By Millennium, Dubai","29293459"
"Sky Casa Airport","6582946"
"InterContinental Jeddah, an IHG Hotel","1093472"
"Fairmont Palliser","2235150"
"25hours Hotel One Central","4985083"
"Pullman Cologne","1135407"
"MENA Tyche Hotel Amman","3523755"
"Biblos Resort Alacati","9318566"
"Melissi Beach Hotel","1066583"
"Hotel Europe","1721527"
"Novotel Paris 13 Porte d'Italie","1091578"
"Hotel Manaus","1574088"
"Hotel Manaus","1574088"
"25hours Hotel One Central","4985083"
"25hours Hotel One Central","4985083"
"25hours Hotel One Central","4985083"
"25hours Hotel One Central","4985083"
"25hours Hotel One Central","4985083"
"Smy Lisboa","6849358"
"Smy Lisboa","6849358"
"InterContinental Jeddah, an IHG Hotel","1093472"
"Hotel Cartagena Dubai","17699558"
"25hours Hotel One Central","4985083"
"Mercure Olbia","2070610"
"Pullman Cologne","1135407"
"25hours Hotel One Central","4985083"
"25hours Hotel One Central","4985083"
"25hours Hotel One Central","4985083"
"25hours Hotel One Central","4985083"
"25hours Hotel One Central","4985083"
"25hours Hotel One Central","4985083"
"25hours Hotel One Central","4985083"
"ibis Bratislava Centrum","2709724"
"Pestana Alvor Atlantico Beach Resort","1213628"
"Novotel Brussels Centre Midi Station","2585260"
"Pullman Cologne","1135407"
"Mövenpick Hotel Amman","1572697"
"Myconian Kyma Design Hotel","35983221"
"The Tower Plaza Hotel Dubai","1520711"
"Seven Gardens Palace","70487009"
"InterContinental Jeddah, an IHG Hotel","1093472"
"Fairmont Hotel Macdonald","2916313"
"Al Raha Beach Resort & Spa","1708000"
"Volcano View Hotel Santorini","83369633"
"Signature Guest Hotel","46169391"
"Pullman Cologne","1135407"
"Hilton Amman","2584243"
"Royal Zanzibar Beach Resort","3894661"
"Royal Zanzibar Beach Resort","3894661"
"Royal Zanzibar Beach Resort","3894661"
"Fairmont Palliser","2235150"
"Cloud City Hotel","1956273"
"25hours Hotel One Central","4985083"
"EL GRECO RESORT HOTEL","1036399"
"Hotel Kadmo","24176551"
"Hotel Bracera","31451309"
"Relux Ios","45921866"
"Aparthotel Adagio Serris - Val d'Europe","1349699"
"Grand TheoNi Hotel","57221761"
"SLS Baha Mar","78642556"
"Pullman Cologne","1135407"
"Nobel Palace Hotel","90689908"
"25hours Hotel One Central","4985083"
"Radisson Blu, Abu Dhabi Yas Island","2146555"
"Hampton by Hilton Dubai Airport","6827017"
"Ibis Paris Montmartre Sacré-Coeur","4892371"
"Hampton by Hilton Dubai Airport","6827017"
"Ananta Burin Resort","3564447"
"25hours Hotel One Central","4985083"
"Sofitel Dubai Jumeirah Beach","1378038"
"Ftelia Bay Boutique Hotel","6664393"
"25hours Hotel One Central","4985083"
"Paramount Hotel Dubai","74286056"
"ibis Berlin Hauptbahnhof","82887476"
"Cinnamon Wild Yala","2697951"
"25hours Hotel One Central","4985083"
"25hours Hotel One Central","4985083"
"Mercure Belgrade Excelsior","4916713"
"25hours Hotel One Central","4985083"
"Southern Palms Beach Resort","1105781"
"Electra Palace Athens","1238131"
"25hours Hotel One Central","4985083"
"25hours Hotel One Central","4985083"
"25hours Hotel One Central","4985083"
"25hours Hotel One Central","4985083"
"SEPAR Furnished Hotel","78746428"
"25hours Hotel One Central","4985083"
"Sheraton Grand Hotel, Dubai","89963369"
"MS Vila Nova","3721984"
"MS Vila Nova","3721984"
"25hours Hotel One Central","4985083"
"Fairmont Hotel Macdonald","2916313"
"25hours Hotel One Central","4985083"
"Mercure La Roche Sur Yon Centre","7341375"
"DoubleTree by Hilton Hotel Yerevan City Centre","3529707"
"Southern Palms Beach Resort","1105781"
"Hampton by Hilton Dubai Airport","6827017"
"25hours Hotel One Central","4985083"
"25hours Hotel One Central","4985083"
"Best Western Plus Strongsville Cleveland","1205758"
"Las Palomas Beach & Golf Resort","1041461"
"InterContinental Jeddah, an IHG Hotel","1093472"
"Fairmont Palliser","2235150"
"InterContinental Jeddah, an IHG Hotel","1093472"
"Novotel Brussels Centre Midi Station","2585260"
"Econo Lodge Inn & Suites","1065415"
"Best Western Plus Strongsville Cleveland","1205758"
"Quality Inn Halifax Airport","1099974"
"Comfort Suites Downtown","1557017"
"ibis Styles Tokyo Ginza Hotel","77019994"
"ibis Styles Tokyo Ginza Hotel","77019994"
"ibis Styles Tokyo Ginza Hotel","77019994"
"Sunway Pyramid Hotel","1955243"
"Hyatt Centric Jumeirah Dubai","56576517"
"25hours Hotel One Central","4985083"
"25hours Hotel One Central","4985083"
"ibis Styles Tokyo Ginza Hotel","77019994"
"OYO Las Vegas Hotel & Casino","3432925"
"Quality Inn Halifax Airport","1099974"
"Sunway Pyramid Hotel","1955243"
"Quality Inn Halifax Airport","1099974"
"DoubleTree by Hilton Hotel Yerevan City Centre","3529707"
"Myconian Kyma Design Hotel","35983221"
"Al Jadel Hotel","35243331"
"OYO Las Vegas Hotel & Casino","3432925"
"Le Park Concord Hotel-Najran","98229064"
"Signature Guest Hotel","46169391"
"Signature Guest Hotel","46169391"
"Quality Inn Halifax Airport","1099974"
"25hours Hotel One Central","4985083"
"Taleen Granada Hotel Apartments","43026435"
"Sheraton Grand Hotel, Dubai","89963369"
"Econo Lodge Inn & Suites","1065415"
"Bahi Ajman Palace Hotel","2653109"
"Novotel Melbourne Glen Waverley","2963219"
"Pullman Cologne","1135407"
"25hours Hotel One Central","4985083"
"Quality Inn Halifax Airport","1099974"
"Novotel Paris Vaugirard Montparnasse","1052286"
"25hours Hotel One Central","4985083"
"Southern Palms Beach Resort","1105781"
"OYO Las Vegas Hotel & Casino","3432925"
"RumFish Beach Resort by TradeWinds","1032941"
"Castello City Hotel","1684400"
"Southern Palms Beach Resort","1105781"
"Jaz Mirabel Resort","94922467"
"Al Jadel Hotel","35243331"
"25hours Hotel One Central","4985083"
"25hours Hotel One Central","4985083"
"Aparthotel Adagio Lyon Patio Confluence","2406645"
"Mövenpick Hotel Amsterdam City Centre","1315409"
"Jaz Mirabel Resort","94922467"
"Candia Hotel","1626414"
"Hotel NJV Athens Plaza","1163588"
"Cinnamon Wild Yala","2697951"
"Sea Star Beau Rivage","2479378"
"Dosso Dossi Hotels & SPA Golden Horn","1370518"
"Best Western Hotel Bellevue au Lac","2026164"
"Granbell Hotel Colombo","38215861"
"Southern Palms Beach Resort","1105781"
"Level Los Angeles - Downtown South Olive","65618856"
"Myconian Kyma Design Hotel","35983221"
"Crowne Plaza Riyadh Palace","2725246"
"Hotel Versey Chicago Lincoln Park","1130772"
"Best Western Plus Ajaccio Amiraute","12990126"
"Riyadh Airport Marriott Hotel","2149753"
"InterContinental Jeddah, an IHG Hotel","1093472"
"Golden Dunes Al Fayhaa","48234904"
"Makarem Umm Al Qura Hotel","1520441"
"Makarem Umm Al Qura Hotel","1520441"
"Makarem Umm Al Qura Hotel","1520441"
"Hotel Montemezzi","2020016"
"Silver Cloud Hotel - Bellevue Eastgate","1293154"
"Arts Hotel Istanbul Harbiye Special Class","59870739"
"Golden Tulip Abha","25121147"
"Myconian Korali Relais & Chateaux Hotel","69379566"
"Golden Tulip Dammam Corniche","61835438"
"Best Western Bloomington Edina - Minneapolis","2032189"
"Crowne Plaza Riyadh Palace","2725246"
"Riyadh Airport Marriott Hotel","2149753"
"Comfort Hiroshima Otemachi","3062564"
"Quality Inn Downtown Inner Harbour","1332312"
"Xenios Possidi Paradise Hotel","1360236"
"Candia Hotel","1626414"
"Best Western Hotel at 108","65577248"
"Best Western Plus Skogshojd","1796967"
"Best Western Plus Amsterdam Airport Hotel","1797948"
"Belgrade Art Hotel, a member of Radisson Individuals","2503265"
"Kempinski Hotel Muscat","79990416"
"Líbere Madrid Palacio Real","1779075"
"Líbere Madrid Palacio Real","1779075"
"RumFish Beach Resort by TradeWinds","1032941"
"ibis Styles Tokyo Ginza Hotel","77019994"
"Murillo Hotel","1133230"
"LaGuardia Plaza Hotel","2547229"
"Hyatt Centric Jumeirah Dubai","56576517"
"Richmond Istanbul Hotel","1249458"
"Hotel Baia di Conte","5950043"
"Park Inn by Radisson Makkah Aziziyah","60281843"
"The Goodtime Hotel, Miami Beach a Tribute Portfolio Hotel","38066215"
"Millennium Maxwell House Nashville","1445905"
"GreenTree Inn & Suites Phoenix Sky Harbor","1268257"
"Romer Waikiki at The Ambassador","5219245"
"Romer Waikiki at The Ambassador","5219245"
"Southern Palms Beach Resort","1105781"
"Bahi Ajman Palace Hotel","2653109"
"Best Western Hotel Crequi Lyon Part Dieu","2284708"
"Miraggio Thermal Spa Resort","86240779"
"LaGuardia Plaza Hotel","2547229"
"YVE Hotel Miami Downtown","1595354"
"Hilton Istanbul Bomonti Hotel & Conference Center","2801787"
"Prime Hotel Al Hamra","12516037"
"Warwick Hotel Jeddah","21763337"
"Clarion Hotel Sign","1332158"
"Quality Inn Toronto Airport","1176624"
"BEST WESTERN Hotel Regina Elena","1166974"
"Myconian Ambassador Relais & Chateaux","2533695"
"Millennium Plaza Downtown Hotel","1578975"
"Riyadh Airport Marriott Hotel","2149753"
"Best Western Plus Executive Inn","2014096"
"Norwood Inn & Suites La Crosse","8201797"
"Riyadh Airport Marriott Hotel","2149753"
"Candia Hotel","1626414"
"Myconian Kyma Design Hotel","35983221"
"Millennium Plaza Downtown Hotel","1578975"
"Millennium Plaza Downtown Hotel","1578975"
"Millennium Plaza Downtown Hotel","1578975"
"Kempinski Hotel Mall of the Emirates Dubai","1366207"
"Hospedium Princess Hotel Panamá","2060343"
"Best Western Plus Travel Hotel Toronto Airport","2350505"
"Hospedium Princess Hotel Panamá","2060343"
"Comfort Inn & Conference Centre Toronto Airport","1051695"
"Garden Plaza Hotel","62700528"
"Hotel Oriente","1551348"
"Four Seasons Hotel Apartments","68966362"
"Hospedium Princess Hotel Panamá","2060343"
"Best Western Plus Truckee-Tahoe Hotel","2481416"
"Gamma Santa Fe","2015748"
"Sleep Inn Guarulhos","26686646"
"Econo Lodge Inn & Suites","1065415"
"Best Western Plus Edmundston Hotel","2587845"
"Best Western Plus Suites Downtown","2160465"
"Best Western Plus Travel Hotel Toronto Airport","2350505"
"Aquarius Casino Resort","1855791"
"Best Western Kirkwood Inn","1125618"
"Heritance Kandalama","8032937"
"Capri by Fraser, China Square / Singapore","34094447"
"Millennium Plaza Downtown Hotel","1578975"
"Best Western Air Hotel Linate","1322394"
"Best Western Plus Chateau Granville Hotel & Suites & Conference Ctr.","1056038"
"Millennium Maxwell House Nashville","1445905"
"The Sakala Resort Bali","2512390"
"Best Western Plus Island Palms Hotel & Marina","1286845"
"Hospedium Princess Hotel Panamá","2060343"
"Best Western Cedar Park Inn","1695905"
"Conrad Cairo Hotel","2187706"
"Santo Miramare Resort","3688253"
"InterContinental Jeddah, an IHG Hotel","1093472"
"Candia Hotel","1626414"
"Best Western Hotel Schlossmühle","4638854"
"Best Western Inn & Suites San Diego Zoo -SeaWorld Area","1522848"
"Millennium Maxwell House Nashville","1445905"
"Millennium Maxwell House Nashville","1445905"
"Millennium Maxwell House Nashville","1445905"
"Travelodge by Wyndham Hotel & Convention Centre Quebec City","1407792"
"EL GRECO RESORT HOTEL","1036399"
"Quality Inn Toronto Airport","1176624"
"Best Western Plus Bryce Canyon Grand Hotel","1707510"
"The Manhattan at Times Square Hotel","1576488"
"Aqua Paradise Resort & Aqua Park","14375800"
"Best Western Plus Burlington Inn & Suites","2703364"
"Hilton Istanbul Bomonti Hotel & Conference Center","2801787"
"ibis Styles Paris Roissy CDG Hotel","1069087"
"Habitat Hotel","76872443"
"ModernHaus SoHo","1138534"
"Quality Inn Toronto Airport","1176624"
"Olives City Hotel","80013530"
"Crowne Plaza Panama Airport","71595518"
"Millennium Makkah Al Naseem","52891473"
"Hospedium Princess Hotel Panamá","2060343"
"Le Park Concord Hotel-Najran","98229064"
"Best Western Premier Miami International Airport Hotel & Suites","1525766"
"Best Western Plus Cary Inn - NC State","1774978"
"Best Western Plus South Coast Inn","1198678"
"Hotel Belmont Vancouver MGallery","2924124"
"Best Western Plus Austin Central","2521201"
"Best Western St. Francisville Hotel","2140470"
"Golden Tulip Abha","25121147"
"Handlery Hotel San Diego","1498943"
"RumFish Beach Resort by TradeWinds","1032941"
"Best Western Plus Philadelphia Convention Center Hotel","58893421"
"Best Western Port Columbus","1326355"
"Millennium Plaza Downtown Hotel","1578975"
"Best Western Plus Pioneer Square Hotel","1121089"
"Jaz Fayrouz","1279960"
"Best Western Premier Calgary Plaza Hotel & Conference Centre","1212705"
"Best Western Plus Yosemite Way Station Motel","2307788"
"The Michelangelo","72698482"
"Millennium Maxwell House Nashville","1445905"
"Best Western Kirkwood Inn","1125618"
"Best Western Plus Ruby's Inn","2243999"
"Southern Palms Beach Resort","1105781"
"Hospedium Princess Hotel Panamá","2060343"
"Riyadh Airport Marriott Hotel","2149753"
"Sanctuary Hotel New York","2384472"
"Havana Hotel","16179654"
"Riyadh Airport Marriott Hotel","2149753"
"Best Western Premier Calgary Plaza Hotel & Conference Centre","1212705"
"Best Western Merry Manor Inn","4904177"
"Best Western Plus Philadelphia Convention Center Hotel","58893421"
"25hours Hotel One Central","4985083"
"Myconian Naia Luxury Suites","2048592"
"Dazzler by Wyndham Lima Miraflores","1206595"
"Best Western Hotel Mediterraneo Catania","1550691"
"Best Western Plus Montreal Downtown-Hotel Europa","2017371"
"Best Western Plus Bryce Canyon Grand Hotel","1707510"
"Best Western Plus Bryce Canyon Grand Hotel","1707510"
"Millennium Maxwell House Nashville","1445905"
"Best Western Plus Ruby's Inn","2243999"
"Ramada by Wyndham Princess Santo Domingo","1578146"
"Hospedium Princess Hotel Panamá","2060343"
"ModernHaus SoHo","1138534"
"Best Western Plus Philadelphia Airport South At Widener University","2509291"
"Myconian Kyma Design Hotel","35983221"
"Taleen Al Anfal ِAl Naseem Al Sharqy","91427684"
"Riyadh Airport Marriott Hotel","2149753"
"Millennium Plaza Downtown Hotel","1578975"
"Taleen Al Anfal ِAl Naseem Al Sharqy","91427684"
"Myconian Kyma Design Hotel","35983221"
"The Arkin Colony Hotel","3221618"
"Best Western Premier Calgary Plaza Hotel & Conference Centre","1212705"
"Ramada by Wyndham Princess Santo Domingo","1578146"
"Heritance Tea Factory","1683914"
"Rome Airport Hotel Fiumicino","99902543"
"Millennium Knickerbocker Chicago","1210325"
"The Bostonian Boston","3252758"
"Royal Hotel Zurich","1338792"
"Amareclub Baia dei Turchi","10575871"
"Royal Park","6019843"
"Casa Dorada Los Cabos, Resort & Spa","1470936"
"Best Western Plus Pavilions","1893469"
"Best Western Palm Beach Lakes","1122065"
"Habitat Hotel","76872443"
"Conrad Cairo Hotel","2187706"
"The Goodtime Hotel, Miami Beach a Tribute Portfolio Hotel","38066215"
"Best Western Orlando Gateway Hotel","1529661"
"Best Western Plus Graham Inn","2936196"
"Hospedium Princess Hotel Panamá","2060343"
"Golden Nugget Lake Tahoe","1465452"
"Royal Hotel Zurich","1338792"
"Gulf Court Hotel Business Bay","18287005"
"Best Western Plus Hôtel Monopole Métropole","2163833"
"Millennium Knickerbocker Chicago","1210325"
"RumFish Beach Resort by TradeWinds","1032941"
"Hospedium Princess Hotel Panamá","2060343"
"Millennium Maxwell House Nashville","1445905"
"Barın Hotel","1042817"
"Econo Lodge Inn & Suites","1065415"
"Park Hotel Moskva","2073377"
"Crowne Plaza Riyadh Palace","2725246"
"GHT Miratge Adults Only +18","2890803"
"Hospedium Princess Hotel Panamá","2060343"
"Dreams Riviera Cancun Resort & Spa","1727545"
"The Warwick Hotel Rittenhouse Square","1303721"
"Peppermill Reno Resort","2784628"
"Millennium Knickerbocker Chicago","1210325"
"Hotel NJV Athens Plaza","1163588"
"Best Western Plus Fursan","30862893"
"The STRAT Hotel, Casino & Tower","3575572"
"GreenTree Inn & Suites Phoenix Sky Harbor","1268257"
"Comfort Hotel Xpress Stockholm Central","1117821"
"The Manhattan at Times Square Hotel","1576488"
"Sofitel Dubai Jumeirah Beach","1378038"
"Millennium Plaza Downtown Hotel","1578975"
"Millennium Plaza Downtown Hotel","1578975"
"Millennium Plaza Downtown Hotel","1578975"
"Novotel Panama City","1930146"
"Park Hotel Moskva","2073377"
"Long Beach Resort Hurghada","2700738"
"Melissi Beach Hotel","1066583"
"Millennium Plaza Downtown Hotel","1578975"
"Conrad Cairo Hotel","2187706"
"Best Western Plus Yosemite Gateway Inn","1169801"
"Porto Carras Meliton","2936340"
"Millennium Plaza Downtown Hotel","1578975"
"Millennium Plaza Downtown Hotel","1578975"
"IntercityHotel Muscat","21727745"
"Best Western Gold Country Inn","1286430"
"Crowne Plaza Riyadh Palace","2725246"
"Best Western Cocoa Beach Hotel & Suites","1151155"
"Seralago Hotel & Suites Maingate East","1122488"
"Millennium Plaza Downtown Hotel","1578975"
"Hospedium Princess Hotel Panamá","2060343"
"Hospedium Princess Hotel Panamá","2060343"
"Best Western Plus Port O'Call Hotel","2255642"
"BEST WESTERN Globus Hotel","1945919"
"Dreams Beach Resort","2936353"
"Best Western Plus Montreal Downtown-Hotel Europa","2017371"
"SureStay Collection by Best Western Saharan Hotel","5303383"
"Millennium Makkah Al Naseem","52891473"
"Candia Hotel","1626414"
"Best Western Airport Motel & Convention Centre","1451045"
"Millennium Plaza Downtown Hotel","1578975"
"Candia Hotel","1626414"
"GreenTree Inn & Suites Phoenix Sky Harbor","1268257"
"Millennium Maxwell House Nashville","1445905"
"Clarion Hotel Sign","1332158"
"Hospedium Princess Hotel Panamá","2060343"
"Garden Plaza Hotel","62700528"
"Millennium Plaza Downtown Hotel","1578975"
"Best Western Plus Port O'Call Hotel","2255642"
"Conrad Cairo Hotel","2187706"
"Millennium Plaza Downtown Hotel","1578975"
"Seralago Hotel & Suites Maingate East","1122488"
"Gamma Santa Fe","2015748"
"Bay Gardens Beach Resort & Spa","6374079"
"Browns Avenue Hotel","30020824"
"The Warwick Hotel Rittenhouse Square","1303721"
"Lyttos Beach","5689826"
"Myconian Kyma Design Hotel","35983221"
"Clarion Congress Hotel Bratislava","2038472"
"Sheraton Minneapolis Downtown Convention Center","1283074"
"Best Western Chicagoland - Countryside","2189602"
"Crowne Plaza Panama Airport","71595518"
"Athens Cypria Hotel","1171229"
"Hospedium Princess Hotel Panamá","2060343"
"The Manhattan at Times Square Hotel","1576488"
"Myconian Kyma Design Hotel","35983221"
"Best Western Plus Palm Beach Gardens Hotel & Suites And Conference Ct","2966132"
"Hotel Santorini","5361503"
"Hotel Santorini","5361503"
"Akra Morea Apartments","40897074"
"Mercure Paris 15 Porte de Versailles","1209525"
"Santa Helena Hotel Rhodes","4416976"
"Royal Myconian Resort - Leading Hotels of the World","3133319"
"Royal Myconian Resort - Leading Hotels of the World","3133319"
"Hotel Diana Roof Garden","1001678"
"Apartamentos Líbere Granada Catedral","66697124"
"Kawada Hotel","3392969"
"Palazzo dal Borgo","1521299"
"The STRAT Hotel, Casino & Tower","3575572"
"The STRAT Hotel, Casino & Tower","3575572"
"Hospedium Princess Hotel Panamá","2060343"
"Browns Avenue Hotel","30020824"
"Hospedium Princess Hotel Panamá","2060343"
"Hospedium Princess Hotel Panamá","2060343"
"Hospedium Princess Hotel Panamá","2060343"
"Best Western Plus Miami-Doral/Dolphin Mall","1238070"
"Costa Grand Resort & Spa","86847380"
"ModernHaus SoHo","1138534"
"Rocabella Santorini Hotel & Spa","1617764"
"Jazz Hotel","3142935"
"BEST WESTERN Hotel Madison","1282669"
"Kwanza Resort by SUNRISE","6372716"
"Kwanza Resort by SUNRISE","6372716"
"OCCIDENTAL PRAHA WILSON","58778364"
"TH Roma - Carpegna Palace","2284339"
"Novotel Panama City","1930146"
"Khalidiya Palace Rayhaan by Rotana","1744201"
"Comfort Hotel Kyoto Toji","93832714"
"Best Western Plus Hotel Terraza","1720378"
"Olive Green Hotel","69107635"
"Olive Green Hotel","69107635"
"Golden Dunes Al Fayhaa","48234904"
"Best Western Plus Amedia Wien","2190448"
"Hyatt Place Bangkok Sukhumvit 1","2499998"
"Best Western Plus Hotel Terraza","1720378"
"BEST WESTERN PLUS Hotel Arcadia","3566997"
"Manesol Boutique Galata","2592327"
"Hotel Mediterraneo","1203076"
"Hotel GHL Relax Corales de Indias","2677942"
"Econo Lodge Inn & Suites","1065415"
"Sure Hotel by Best Western Paris Gare du Nord","1085218"
"NEMA Design Hotel & Spa","96050654"
"IntercityHotel Muscat","21727745"
"XERION HOTEL","25616475"
"EL GRECO RESORT HOTEL","1036399"
"Hotel Cartagena Dubai","17699558"
"Hotel Anaco","1513384"
"GHT Aquarium & SPA","1506853"
"Hotel Cartagena Dubai","17699558"
"Secrets Bahía Real Resort & Spa","1137442"
"The Manhattan at Times Square Hotel","1576488"
"Hôtel Horset Opéra, Best Western Premier Collection","1720571"
"voco Dubai","2225317"
"voco Dubai","2225317"
"voco Dubai","2225317"
"voco Dubai","2225317"
"voco Dubai","2225317"
"Piya Sport Hotel","8416295"
"Dave Red Athens - Son of a Brown","11267035"
"Stella Island Luxury Resort & Spa","98838144"
"1818 Meridian House","1413457"
"AxelBeach Miami South Beach - Adults Only","3730634"
"Best Western Lafayette Inn","2937799"
"Ramada by Wyndham Princess Santo Domingo","1578146"
"BEST WESTERN PREMIER Hotel Dante","2933528"
"BEST WESTERN PREMIER Hotel Dante","2933528"
"Saja Al Madinah .","71782436"
"Saja Al Madinah .","71782436"
"Hotel Cartagena Dubai","17699558"
"Marcopolo Suites Calafate","1069152"
"Hotel Cartagena Dubai","17699558"
"Stella Island Luxury Resort & Spa","98838144"
"Stella Island Luxury Resort & Spa","98838144"
"Crowne Plaza Panama Airport","71595518"
"Hotel Los Condes","1043598"
"Best Western Innsuites Yuma Mall Hotel & Suites","2536794"
"Slemani Rotana","55765547"
"Hotel Greenview Medellin","2577778"
"Best Western Plus Casablanca City Center","77662448"
"Best Western Plus Miami-Doral/Dolphin Mall","1238070"
"Royal Hotel Zurich","1338792"
"Royal Myconian Resort - Leading Hotels of the World","3133319"
"Hospedium Princess Hotel Panamá","2060343"
"Hyatt Centric Jumeirah Dubai","56576517"
"Sercotel Playa Canteras","1264683"
"Royal Myconian Resort - Leading Hotels of the World","3133319"
"Best Western Plus Miami-Doral/Dolphin Mall","1238070"
"Almina Inn Hotel","7781250"
"Millennium Maxwell House Nashville","1445905"
"The Gates Hotel Key West","1821469"
"The STRAT Hotel, Casino & Tower","3575572"
"Best Western Grant Park Hotel","1303676"